date,new_diagnoses,cum_diagnoses_article,cum_diagnoses,new_recoveries,cum_recoveries,new_deaths,cum_deaths,cum_tests,new_tests,adults,cum_children,new_children,cur_children,n_critical,ventilation,hospitalised,1vac,2vac,positive_percent,yandex_index,asympt_percent
2020-03-12,0,0,0,0,0,0,0,,,0.0,0.0,,,,,,,,,0.6,
2020-03-13,0,0,0,0,0,0,0,,,0.0,0.0,0.0,,0.0,,,,,,0.6,
2020-03-14,0,0,0,0,0,0,0,,,0.0,0.0,0.0,,0.0,,,,,,2.0,
2020-03-15,0,0,0,0,0,0,0,,,0.0,0.0,0.0,,0.0,,,,,,2.7,4.0
2020-03-16,0,0,0,0,0,0,0,,,0.0,0.0,0.0,,0.0,,,,,,0.7,
2020-03-17,0,0,0,0,0,0,0,,,0.0,0.0,0.0,,0.0,,,,,,0.7,
2020-03-18,1,1,1,0,0,0,0,,,0.0,0.0,0.0,,0.0,,,,,,1.0,
2020-03-19,1,2,2,0,0,0,0,,,0.0,4.0,4.0,,42.0,,,,,,1.1,
2020-03-20,2,4,4,0,0,0,0,,,0.0,0.0,-4.0,,,,,,,,1.1,
2020-03-21,0,4,4,0,0,0,0,,,0.0,6.0,6.0,,73.0,,,,,,2.5,
2020-03-22,0,4,4,0,0,0,0,,,0.0,5.0,-1.0,,49.0,,,,,,3.1,
2020-03-23,0,4,4,0,0,0,0,,,5.0,0.0,-5.0,,,,,,,,1.2,
2020-03-24,0,4,4,0,0,0,0,,,0.0,6.0,6.0,,52.0,,,,,,1.2,43.0
2020-03-25,0,4,4,0,0,0,0,,,0.0,7.0,1.0,,55.0,,,,,,1.1,46.0
2020-03-26,1,5,5,0,0,0,0,,,0.0,7.0,0.0,,57.0,,,,,,1.2,
2020-03-27,0,5,5,0,0,0,0,,,0.0,11.0,4.0,,66.0,,,,,,1.2,40.0
2020-03-28,2,7,7,0,1,0,0,,,0.0,11.0,0.0,,58.0,,,,,,2.8,
2020-03-29,1,8,8,0,1,0,0,,,0.0,0.0,-11.0,,,,,,,,3.4,41.0
2020-03-30,1,9,9,0,1,0,0,,,0.0,16.0,16.0,,69.0,,,,,,2.4,
2020-03-31,0,9,9,0,1,0,0,,,0.0,18.0,2.0,,68.0,,,,,,2.5,
2020-04-01,1,10,10,0,2,0,0,,,0.0,17.0,-1.0,,61.0,,,,,,3.3,
2020-04-02,0,10,10,0,2,0,0,,,0.0,16.0,-1.0,,56.0,,,,,,3.3,
2020-04-03,0,10,10,0,2,0,0,,,0.0,19.0,3.0,,62.0,,,,,,3.2,
2020-04-04,0,10,10,0,2,0,0,,,20.0,0.0,-19.0,,,,,,,,3.6,37.0
2020-04-05,1,11,11,0,2,0,0,,,0.0,0.0,0.0,,,,,,,,3.8,
2020-04-06,0,11,11,0,2,0,0,,,0.0,22.0,22.0,,60.0,,,,,,2.5,
2020-04-07,0,11,11,0,2,0,0,,,0.0,15.0,-7.0,,55.0,,,,,,2.4,
2020-04-08,2,13,13,0,7,0,0,,,0.0,15.0,0.0,,57.0,,,,,,2.5,
2020-04-09,5,18,18,0,7,0,0,,,0.0,12.0,-3.0,,54.0,,,,,,2.5,
2020-04-10,3,21,21,0,8,0,0,,,13.0,0.0,-12.0,,,,,,,,2.4,
2020-04-11,7,28,28,0,10,0,0,,,0.0,17.0,17.0,,76.0,,,,,,3.1,
2020-04-12,0,28,28,0,10,0,0,,,23.0,0.0,-17.0,,,,,,,,3.4,
2020-04-13,8,36,36,0,10,0,0,,,0.0,23.0,23.0,,125.0,,,,,,2.2,
2020-04-14,0,36,36,0,10,0,0,,,0.0,21.0,-2.0,,139.0,,,,,,2.1,
2020-04-15,17,53,53,0,12,0,0,,,0.0,19.0,-2.0,,133.0,,,,,,2.1,
2020-04-16,11,64,64,0,14,1,1,,,0.0,19.0,0.0,,126.0,,,,,,2.1,
2020-04-17,12,76,76,0,16,1,2,,,4.0,24.0,5.0,,137.0,,,,,,2.0,
2020-04-18,10,86,86,0,16,0,2,,,1.0,28.0,4.0,,168.0,,,,,,2.9,
2020-04-19,22,108,108,0,16,1,3,,,0.0,32.0,4.0,,197.0,,,,,,3.2,43.0
2020-04-20,24,132,132,0,16,0,3,,,2.0,40.0,8.0,,212.0,,,,,,2.0,45.2
2020-04-21,3,135,135,0,16,1,4,,,0.0,43.0,3.0,,274.0,,,,,,1.9,45.5
2020-04-22,16,151,151,0,21,0,4,,,0.0,45.0,2.0,,304.0,,,,,,1.9,43.4
2020-04-23,17,168,168,0,23,0,4,,,49.0,0.0,-45.0,,,,,,,,1.8,47.8
2020-04-24,41,209,209,0,24,0,4,19388.0,,8.0,0.0,0.0,,0.0,,,,,,1.8,46.1
2020-04-25,38,247,247,0,39,0,4,22314.0,2926.0,413.0,12.0,12.0,55.0,0.0,0.0,468.0,,,,2.8,48.9
2020-04-26,58,305,305,0,39,0,4,23261.0,947.0,481.0,13.0,1.0,65.0,26.0,3.0,546.0,,,,3.1,45.9
2020-04-27,42,347,347,0,39,0,4,24819.0,1558.0,522.0,17.0,4.0,75.0,34.0,6.0,597.0,,,,1.7,43.4
2020-04-28,60,407,407,0,53,0,4,27053.0,2234.0,544.0,23.0,6.0,86.0,34.0,8.0,630.0,,,,1.9,40.7
2020-04-29,29,436,436,0,63,0,4,29672.0,2619.0,574.0,23.0,0.0,78.0,32.0,8.0,652.0,,,,1.8,44.9
2020-04-30,35,471,471,0,78,0,4,33087.0,3415.0,636.0,25.0,2.0,84.0,17.0,9.0,720.0,,,,1.5,39.9
2020-05-01,55,526,526,0,80,1,5,36423.0,3336.0,723.0,25.0,0.0,72.0,32.0,7.0,795.0,,,,2.9,44.5
2020-05-02,43,569,569,0,105,2,7,38017.0,1594.0,646.0,25.0,0.0,88.0,37.0,7.0,734.0,,,,2.9,46.6
2020-05-03,51,620,620,0,109,0,7,39461.0,1444.0,671.0,26.0,1.0,97.0,37.0,9.0,768.0,,,,2.8,50.3
2020-05-04,61,681,681,0,150,2,9,41406.0,1945.0,711.0,28.0,2.0,91.0,36.0,12.0,802.0,,,,3.0,50.6
2020-05-05,65,746,746,0,179,0,9,43787.0,2381.0,723.0,35.0,7.0,72.0,34.0,16.0,795.0,,,,2.9,49.1
2020-05-06,63,809,809,0,184,2,11,46507.0,2720.0,889.0,39.0,4.0,82.0,44.0,44.0,971.0,,,,1.9,40.9
2020-05-07,67,876,876,0,240,1,12,48810.0,2303.0,1118.0,42.0,3.0,74.0,53.0,25.0,1192.0,,,,1.8,48.7
2020-05-08,73,949,949,0,262,0,12,51568.0,2758.0,1211.0,46.0,4.0,72.0,54.0,20.0,1283.0,,,,1.5,48.9
2020-05-09,76,1025,1025,44,306,2,14,55160.0,3592.0,1197.0,55.0,9.0,71.0,48.0,20.0,1268.0,,,,2.6,40.7
2020-05-10,75,1100,1100,1,307,1,15,56952.0,1792.0,1224.0,60.0,5.0,71.0,51.0,20.0,1295.0,,,,2.7,42.4
2020-05-11,71,1171,1171,7,314,0,15,58274.0,1322.0,1422.0,72.0,12.0,88.0,55.0,16.0,1510.0,,,,2.5,46.5
2020-05-12,55,1226,1226,14,338,1,16,60243.0,1969.0,1431.0,77.0,5.0,72.0,55.0,17.0,1503.0,,,,1.4,43.1
2020-05-13,74,1300,1300,66,404,0,16,62933.0,2690.0,1472.0,80.0,3.0,76.0,51.0,20.0,1548.0,,,,1.4,44.5
2020-05-14,76,1376,1376,51,455,0,16,65842.0,2909.0,1469.0,84.0,4.0,81.0,61.0,13.0,1550.0,,,,1.3,40.6
2020-05-15,71,1447,1447,72,527,2,18,69170.0,3328.0,1501.0,91.0,7.0,74.0,61.0,19.0,1575.0,,,,1.3,42.5
2020-05-16,64,1511,1511,83,610,2,20,71892.0,2722.0,1334.0,96.0,5.0,64.0,61.0,14.0,1398.0,,,,2.5,44.8
2020-05-17,70,1581,1581,28,638,0,20,73722.0,1830.0,1421.0,100.0,4.0,67.0,56.0,19.0,1488.0,,,,2.6,42.4
2020-05-18,71,1652,1652,0,638,0,20,75132.0,1410.0,1457.0,105.0,5.0,69.0,65.0,21.0,1526.0,,,,1.3,40.1
2020-05-19,76,1728,1728,54,692,2,22,78026.0,2894.0,1464.0,115.0,10.0,64.0,62.0,22.0,1528.0,,,,1.3,43.1
2020-05-20,77,1805,1805,48,730,0,23,81554.0,3528.0,1464.0,117.0,2.0,58.0,64.0,18.0,1522.0,,,,1.3,45.9
2020-05-21,76,1881,1881,43,773,1,25,85268.0,3714.0,1469.0,122.0,5.0,54.0,71.0,18.0,1523.0,,,0.0,1.5,42.0
2020-05-22,79,1960,1960,53,826,2,25,89262.0,3994.0,1466.0,128.0,6.0,50.0,67.0,16.0,1516.0,,,0.0,1.3,42.2
2020-05-23,83,2043,2043,56,882,2,27,92113.0,2851.0,1500.0,131.0,3.0,77.0,61.0,15.0,1577.0,,,,2.2,42.0
2020-05-24,81,2124,2124,9,891,2,29,93543.0,1430.0,1513.0,134.0,3.0,60.0,69.0,22.0,1573.0,,,,2.7,43.9
2020-05-25,89,2213,2213,0,891,0,29,95385.0,1842.0,1534.0,137.0,3.0,65.0,66.0,9.0,1599.0,,,0.0,1.4,43.7
2020-05-26,87,2300,2300,0,891,1,30,98551.0,3166.0,1574.0,138.0,1.0,65.0,59.0,19.0,1639.0,,,0.0,1.2,41.1
2020-05-27,97,2397,2397,11,902,1,31,101543.0,2992.0,1562.0,144.0,6.0,66.0,64.0,21.0,1628.0,,,0.0,1.3,40.8
2020-05-28,96,2493,2493,53,955,0,31,104264.0,2721.0,1562.0,153.0,9.0,65.0,70.0,24.0,1627.0,,,8.0,1.2,42.5
2020-05-29,103,2596,2596,62,1017,0,31,107491.0,3227.0,1560.0,157.0,4.0,65.0,62.0,18.0,1625.0,,,8.0,1.2,39.4
2020-05-30,109,2705,2705,72,1089,1,32,110528.0,3037.0,1604.0,167.0,10.0,61.0,66.0,22.0,1665.0,,,,2.3,41.9
2020-05-31,104,2809,2809,30,1119,0,32,111873.0,1345.0,1492.0,169.0,2.0,62.0,64.0,19.0,1554.0,,,,3.0,40.8
2020-06-01,105,2914,2914,10,1129,1,33,114483.0,2610.0,1577.0,176.0,7.0,66.0,67.0,20.0,1643.0,,,10.0,1.1,40.1
2020-06-02,106,3020,3020,85,1204,1,34,118027.0,3544.0,1482.0,181.0,5.0,60.0,67.0,24.0,1542.0,,,15.0,1.1,41.9
2020-06-03,102,3122,3122,27,1262,0,34,122124.0,4097.0,1476.0,191.0,10.0,67.0,72.0,24.0,1543.0,,,10.0,1.2,38.5
2020-06-04,104,3226,3226,44,1306,2,36,125010.0,2886.0,1520.0,191.0,0.0,69.0,75.0,15.0,1589.0,,,10.0,1.1,38.2
2020-06-05,108,3334,3334,0,1306,2,38,128318.0,3308.0,1532.0,208.0,17.0,62.0,42.0,10.0,1594.0,,,14.0,1.3,37.1
2020-06-06,107,3441,3441,13,1369,2,40,132319.0,4001.0,1506.0,216.0,8.0,64.0,37.0,12.0,1570.0,,,0.0,2.3,36.9
2020-06-07,105,3546,3546,17,1386,1,41,133246.0,927.0,1571.0,230.0,14.0,71.0,39.0,11.0,1642.0,,,25.0,2.6,38.5
2020-06-08,102,3648,3648,69,1455,1,42,135609.0,2363.0,1652.0,250.0,20.0,76.0,37.0,9.0,1728.0,,,16.0,1.1,36.6
2020-06-09,104,3752,3752,97,1552,2,44,138803.0,3194.0,1642.0,251.0,1.0,74.0,41.0,11.0,1716.0,,,14.0,1.0,38.1
2020-06-10,106,3858,3858,167,1719,2,46,142045.0,3242.0,1647.0,258.0,7.0,71.0,46.0,14.0,1718.0,,,17.0,1.1,34.8
2020-06-11,102,3960,3960,188,1907,2,48,145699.0,3654.0,1654.0,265.0,7.0,58.0,46.0,11.0,1712.0,,,16.0,0.9,36.8
2020-06-12,109,4069,4069,143,2050,2,50,149028.0,3329.0,1741.0,278.0,13.0,74.0,49.0,11.0,1815.0,,,18.0,1.9,35.8
2020-06-13,108,4177,4177,98,2148,3,53,151215.0,2187.0,1723.0,285.0,7.0,64.0,48.0,13.0,1787.0,,,18.0,2.2,34.1
2020-06-14,108,4285,4285,45,2193,2,55,153701.0,2486.0,1723.0,293.0,8.0,303.0,55.0,65.0,2026.0,,,20.0,2.6,36.2
2020-06-15,109,4394,4394,83,2276,2,57,154895.0,1194.0,1785.0,293.0,0.0,60.0,47.0,10.0,1845.0,,,22.0,1.0,34.3
2020-06-16,103,4497,4497,111,2387,3,60,157817.0,2922.0,1765.0,308.0,15.0,58.0,57.0,9.0,1823.0,,,17.0,1.0,35.8
2020-06-17,107,4604,4604,113,2502,2,62,160987.0,3170.0,1777.0,309.0,1.0,60.0,49.0,17.0,1837.0,,,20.0,0.9,31.8
2020-06-18,107,4711,4711,128,2630,1,63,164479.0,3492.0,2030.0,314.0,5.0,63.0,59.0,19.0,2093.0,,,12.0,1.0,31.5
2020-06-19,108,4819,4819,85,2715,2,65,168736.0,4257.0,2079.0,327.0,13.0,65.0,58.0,19.0,2144.0,,,15.0,1.1,32.7
2020-06-20,109,4928,4928,85,2715,3,68,172200.0,3464.0,2079.0,327.0,0.0,65.0,62.0,19.0,2144.0,,,4.0,2.2,32.7
2020-06-21,105,5033,5033,54,2769,2,70,173340.0,1140.0,2097.0,335.0,8.0,65.0,77.0,19.0,2162.0,,,14.0,2.5,30.2
2020-06-22,109,5142,5142,21,2790,2,72,174522.0,1182.0,2204.0,335.0,0.0,73.0,69.0,19.0,2277.0,,,22.0,1.0,32.5
2020-06-23,106,5248,5248,103,2893,4,76,178815.0,4293.0,2246.0,339.0,4.0,71.0,81.0,25.0,2317.0,,,28.0,0.8,32.7
2020-06-24,108,5356,5356,141,3034,2,78,181259.0,2444.0,2255.0,341.0,2.0,54.0,83.0,29.0,2309.0,,,25.0,1.9,31.7
2020-06-25,102,5458,5458,24,3058,4,82,184548.0,3289.0,2254.0,343.0,2.0,57.0,86.0,31.0,2311.0,,,26.0,0.9,32.0
2020-06-26,108,5566,5566,158,3216,1,83,190134.0,5586.0,2216.0,348.0,5.0,56.0,90.0,25.0,2272.0,,,23.0,0.9,28.5
2020-06-27,105,5671,5671,86,3302,4,87,194128.0,3994.0,2193.0,353.0,5.0,49.0,87.0,31.0,2242.0,,,22.0,1.8,30.0
2020-06-28,98,5769,5769,86,3368,4,91,196740.0,2612.0,2274.0,357.0,4.0,55.0,80.0,27.0,2329.0,,,19.0,2.6,32.4
2020-06-29,107,5876,5876,24,3392,2,93,198486.0,1746.0,2335.0,361.0,4.0,55.0,78.0,22.0,2390.0,,,22.0,0.9,31.6
2020-06-30,109,5985,5985,104,3496,3,96,204095.0,5609.0,2287.0,362.0,1.0,53.0,88.0,22.0,2340.0,,,25.0,0.7,30.2
2020-07-01,100,6085,6085,122,3618,3,99,208076.0,3981.0,2293.0,368.0,6.0,59.0,69.0,19.0,2352.0,,,25.0,1.7,31.9
2020-07-02,92,6177,6177,96,3714,2,101,210157.0,2081.0,2371.0,370.0,2.0,60.0,85.0,14.0,2431.0,,,24.0,0.9,32.1
2020-07-03,105,6282,6282,138,3852,4,105,215026.0,4869.0,2389.0,373.0,3.0,57.0,80.0,21.0,2446.0,,,27.0,0.8,32.5
2020-07-04,111,6393,6393,172,4024,0,109,218871.0,3845.0,2307.0,380.0,7.0,54.0,85.0,22.0,2361.0,,,28.0,1.8,29.6
2020-07-05,112,6505,6505,31,4071,7,112,222574.0,3703.0,2316.0,380.0,0.0,54.0,83.0,27.0,2370.0,,,31.0,2.3,29.8
2020-07-06,106,6611,6611,74,4145,4,116,224135.0,1561.0,2388.0,384.0,4.0,55.0,88.0,23.0,2443.0,,,39.0,0.9,28.8
2020-07-07,113,6724,6724,155,4300,4,120,229236.0,5101.0,2481.0,397.0,13.0,51.0,89.0,15.0,2532.0,,,25.0,0.8,29.9
2020-07-08,107,6831,6831,207,4507,4,124,233272.0,4036.0,2570.0,401.0,4.0,50.0,89.0,23.0,2620.0,,,23.0,0.8,27.6
2020-07-09,101,6932,6932,170,4677,4,128,236798.0,3526.0,2256.0,410.0,9.0,48.0,86.0,23.0,2304.0,,,24.0,0.9,27.3
2020-07-10,111,7043,7043,191,4868,5,133,241242.0,4444.0,2220.0,412.0,2.0,45.0,85.0,23.0,2265.0,,,24.0,1.0,25.2
2020-07-11,110,7153,7153,215,5083,4,137,245923.0,4681.0,2128.0,419.0,7.0,47.0,95.0,24.0,2175.0,,,17.0,1.9,26.7
2020-07-12,121,7274,7274,81,5164,5,142,247388.0,1465.0,2103.0,428.0,9.0,58.0,95.0,24.0,2161.0,,,23.0,2.3,22.5
2020-07-13,112,7386,7386,35,5199,4,146,247963.0,575.0,2210.0,434.0,6.0,62.0,77.0,18.0,2272.0,,,24.0,1.0,25.6
2020-07-14,119,7505,7505,168,5367,2,148,253324.0,5361.0,2207.0,446.0,12.0,53.0,84.0,17.0,2260.0,,,33.0,0.8,24.5
2020-07-15,103,7608,7608,190,5557,4,152,257593.0,4269.0,2159.0,446.0,0.0,64.0,81.0,21.0,2223.0,,,31.0,0.8,26.6
2020-07-16,120,7728,7728,222,5779,3,155,262772.0,5179.0,2165.0,451.0,5.0,65.0,95.0,25.0,2230.0,,,30.0,0.8,24.1
2020-07-17,117,7845,7845,89,5868,5,160,267091.0,4319.0,2074.0,457.0,6.0,63.0,89.0,22.0,2137.0,,,29.0,0.8,26.0
2020-07-18,114,7959,7959,146,6014,3,163,270258.0,3167.0,2011.0,462.0,5.0,62.0,82.0,21.0,2073.0,,,32.0,1.7,24.4
2020-07-19,118,8077,8077,118,6014,5,168,272597.0,2339.0,2004.0,464.0,2.0,63.0,83.0,18.0,2067.0,,,27.0,2.2,24.8
2020-07-20,109,8186,8186,55,6203,3,171,275323.0,2726.0,1949.0,485.0,21.0,63.0,73.0,17.0,2012.0,,,26.0,1.0,26.2
2020-07-21,102,8288,8288,96,6299,6,177,280245.0,4922.0,1995.0,491.0,6.0,51.0,81.0,19.0,2046.0,,,34.0,0.9,24.2
2020-07-22,113,8401,8401,91,6390,2,179,283714.0,3469.0,2014.0,504.0,13.0,56.0,79.0,15.0,2070.0,,,28.0,0.9,25.9
2020-07-23,110,8511,8511,108,6498,5,184,288187.0,4473.0,1775.0,513.0,9.0,57.0,79.0,18.0,1832.0,,,25.0,0.9,27.7
2020-07-24,105,8616,8616,117,6615,6,190,292290.0,4103.0,1670.0,520.0,7.0,57.0,86.0,19.0,1727.0,,,28.0,0.8,25.4
2020-07-25,101,8717,8717,112,6727,6,196,296658.0,4368.0,1606.0,521.0,1.0,59.0,81.0,20.0,1665.0,,,25.0,2.1,25.1
2020-07-26,109,8826,8826,42,6769,4,200,297929.0,1271.0,1602.0,524.0,3.0,66.0,79.0,23.0,1668.0,,,26.0,2.5,24.8
2020-07-27,104,8930,8930,58,6827,6,206,298609.0,680.0,1532.0,534.0,10.0,66.0,73.0,19.0,1598.0,,,32.0,1.0,24.9
2020-07-28,103,9033,9033,183,7010,5,211,303777.0,5168.0,1519.0,539.0,5.0,60.0,74.0,22.0,1579.0,,,27.0,0.9,30.0
2020-07-29,107,9140,9140,212,7222,7,218,307103.0,3326.0,1288.0,541.0,2.0,58.0,69.0,19.0,1346.0,,,27.0,1.0,26.8
2020-07-30,101,9241,9241,203,7425,5,223,312054.0,4951.0,1323.0,542.0,1.0,57.0,74.0,18.0,1380.0,,,32.0,0.9,24.7
2020-07-31,105,9346,9346,217,7642,7,230,315145.0,3091.0,1287.0,554.0,12.0,53.0,70.0,16.0,1340.0,,,27.0,1.0,25.5
2020-08-01,98,9444,9444,188,7830,4,234,320647.0,5502.0,1282.0,556.0,2.0,51.0,78.0,18.0,1333.0,,,33.0,1.9,24.8
2020-08-02,104,9548,9548,92,7922,6,240,322107.0,1460.0,1302.0,561.0,5.0,44.0,79.0,21.0,1346.0,,,32.0,2.2,28.8
2020-08-03,106,9654,9654,84,8006,6,246,322635.0,528.0,1261.0,563.0,2.0,41.0,72.0,19.0,1302.0,,,31.0,0.9,26.2
2020-08-04,95,9749,9749,102,8108,5,251,326955.0,4320.0,1259.0,567.0,4.0,53.0,76.0,24.0,1312.0,,,32.0,0.9,30.0
2020-08-05,97,9846,9846,87,8194,4,255,330914.0,3959.0,1269.0,573.0,6.0,56.0,62.0,15.0,1325.0,,,26.0,0.9,25.8
2020-08-06,93,9939,9939,72,8266,7,262,334999.0,4085.0,1206.0,581.0,8.0,56.0,67.0,15.0,1262.0,,,21.0,0.8,26.2
2020-08-07,92,10031,10031,76,8342,7,269,338745.0,3746.0,1166.0,593.0,12.0,54.0,66.0,8.0,1220.0,,,20.0,0.9,27.1
2020-08-08,99,10130,10130,84,8426,4,273,344386.0,5641.0,1156.0,594.0,1.0,46.0,62.0,7.0,1202.0,,,29.0,1.9,25.6
2020-08-09,52,10182,10182,33,8459,7,280,346116.0,1730.0,1168.0,597.0,3.0,48.0,64.0,9.0,1216.0,,,23.0,2.3,26.6
2020-08-10,87,10269,10269,28,8487,5,285,346596.0,480.0,1193.0,599.0,2.0,49.0,50.0,5.0,1242.0,,,27.0,0.9,26.5
2020-08-11,65,10334,10334,137,8624,7,292,349987.0,3391.0,1158.0,600.0,1.0,40.0,55.0,7.0,1198.0,,,27.0,0.8,28.4
2020-08-12,64,10398,10398,146,8770,5,297,352856.0,2869.0,1157.0,604.0,4.0,34.0,48.0,5.0,1191.0,,,24.0,0.9,27.5
2020-08-13,53,10451,10451,152,8922,6,303,358106.0,5250.0,1123.0,610.0,6.0,31.0,42.0,8.0,1154.0,,,42.0,0.9,26.3
2020-08-14,67,10518,10518,163,9085,3,306,362216.0,4110.0,1094.0,618.0,8.0,28.0,52.0,6.0,1122.0,,,25.0,1.0,25.9
2020-08-15,56,10574,10574,94,9179,3,309,366855.0,4639.0,1106.0,644.0,26.0,26.0,58.0,10.0,1132.0,,,27.0,1.9,26.7
2020-08-16,47,10621,10621,87,9266,4,312,368670.0,1815.0,1060.0,646.0,2.0,28.0,58.0,7.0,1088.0,,,20.0,2.3,25.8
2020-08-17,53,10674,10674,67,9333,3,315,369635.0,965.0,1122.0,650.0,4.0,32.0,58.0,12.0,1154.0,,,29.0,0.8,26.1
2020-08-18,50,10724,10724,52,9385,4,319,374283.0,4648.0,1156.0,653.0,3.0,30.0,57.0,8.0,1186.0,,,31.0,0.8,29.0
2020-08-19,51,10775,10775,73,9458,5,324,377692.0,3409.0,1093.0,656.0,3.0,25.0,60.0,11.0,1118.0,,,15.0,0.9,25.5
2020-08-20,44,10819,10819,69,9527,5,329,381806.0,4114.0,1107.0,657.0,1.0,27.0,52.0,10.0,1134.0,,,31.0,0.9,23.3
2020-08-21,53,10872,10872,54,9851,6,335,385503.0,3697.0,1061.0,658.0,1.0,27.0,53.0,11.0,1088.0,,,29.0,0.8,26.5
2020-08-22,56,10928,10928,53,9634,3,338,389660.0,4157.0,1009.0,663.0,5.0,23.0,49.0,12.0,1032.0,,,15.0,2.0,25.2
2020-08-23,50,10978,10978,42,9676,1,339,391806.0,2146.0,1043.0,665.0,2.0,23.0,49.0,12.0,1066.0,,,22.0,2.4,23.6
2020-08-24,57,11035,11035,57,9733,2,341,392146.0,340.0,1051.0,668.0,3.0,24.0,47.0,10.0,1075.0,,,26.0,0.9,23.2
2020-08-25,59,11094,11094,61,9794,3,344,395842.0,3696.0,983.0,669.0,1.0,22.0,50.0,9.0,1005.0,,,26.0,0.8,26.7
2020-08-26,47,11141,11141,50,9844,2,346,400270.0,4428.0,972.0,670.0,1.0,22.0,49.0,13.0,994.0,,,21.0,0.8,26.8
2020-08-27,51,11192,11192,48,9892,3,349,403252.0,2982.0,973.0,673.0,3.0,22.0,43.0,13.0,995.0,,,23.0,0.9,23.6
2020-08-28,46,11238,11238,38,9930,3,352,407653.0,4401.0,913.0,674.0,1.0,18.0,39.0,5.0,931.0,,,25.0,0.8,22.8
2020-08-29,51,11289,11289,43,9973,2,354,412094.0,4441.0,868.0,679.0,5.0,11.0,50.0,9.0,879.0,,,0.0,1.8,25.7
2020-08-30,55,11344,11344,49,10022,1,355,413566.0,1472.0,913.0,683.0,4.0,12.0,45.0,7.0,925.0,,,39.0,2.2,25.1
2020-08-31,60,11404,11404,51,10073,3,358,416983.0,3417.0,969.0,684.0,1.0,12.0,45.0,12.0,981.0,,,20.0,0.8,27.2
2020-09-01,52,11456,11456,93,10166,3,361,420344.0,3361.0,941.0,684.0,0.0,15.0,48.0,5.0,956.0,,,29.0,0.7,25.6
2020-09-02,45,11501,11501,63,10229,3,364,424936.0,4592.0,901.0,685.0,1.0,18.0,33.0,8.0,919.0,,,30.0,0.7,24.2
2020-09-03,50,11551,11551,58,10287,3,367,429449.0,4513.0,894.0,685.0,0.0,18.0,43.0,9.0,912.0,,,35.0,0.6,24.0
2020-09-04,56,11607,11607,37,10324,4,371,433487.0,4038.0,897.0,687.0,2.0,18.0,35.0,9.0,915.0,,,22.0,0.7,24.2
2020-09-05,63,11670,11670,89,10413,5,376,437107.0,3620.0,859.0,690.0,3.0,12.0,43.0,8.0,871.0,,,19.0,2.1,24.0
2020-09-06,57,11727,11727,57,10470,2,378,438687.0,1580.0,890.0,693.0,3.0,18.0,39.0,3.0,908.0,,,21.0,2.6,22.2
2020-09-07,50,11777,11777,48,10518,0,378,439442.0,755.0,978.0,696.0,3.0,19.0,39.0,2.0,997.0,,,31.0,0.8,23.6
2020-09-08,52,11829,11829,63,10581,3,381,444702.0,5260.0,950.0,699.0,3.0,16.0,49.0,3.0,966.0,,,29.0,0.9,23.2
2020-09-09,56,11885,11885,59,10640,3,384,448837.0,4135.0,916.0,701.0,2.0,12.0,38.0,2.0,928.0,,,31.0,0.8,22.9
2020-09-10,56,11941,11941,72,10712,3,387,452652.0,3815.0,893.0,704.0,3.0,12.0,41.0,2.0,905.0,,,35.0,0.7,24.3
2020-09-11,53,11994,11994,63,10775,2,389,455719.0,3067.0,920.0,710.0,6.0,16.0,33.0,3.0,936.0,,,35.0,0.9,22.5
2020-09-12,50,12044,12044,58,10833,1,390,459812.0,4093.0,941.0,712.0,2.0,15.0,47.0,3.0,956.0,,,32.0,1.8,22.4
2020-09-13,49,12093,12093,23,10856,4,394,460832.0,1020.0,978.0,714.0,2.0,16.0,47.0,5.0,994.0,,,32.0,2.2,23.5
2020-09-14,55,12148,12148,19,10875,3,397,461732.0,900.0,1027.0,719.0,5.0,17.0,43.0,5.0,1044.0,,,34.0,0.8,25.2
2020-09-15,59,12207,12207,59,10934,1,398,468497.0,6765.0,1024.0,720.0,1.0,15.0,40.0,7.0,1039.0,,,15.0,0.6,22.5
2020-09-16,53,12260,12260,82,11016,3,401,472410.0,3913.0,1030.0,724.0,4.0,14.0,44.0,9.0,1044.0,,,19.0,0.7,23.1
2020-09-17,47,12307,12307,96,11112,2,403,475838.0,3428.0,946.0,729.0,5.0,18.0,46.0,11.0,964.0,,,20.0,0.7,23.5
2020-09-18,49,12356,12356,93,11205,4,407,479779.0,3941.0,1033.0,730.0,1.0,19.0,34.0,7.0,1052.0,,,23.0,0.8,24.5
2020-09-19,54,12410,12410,84,11289,3,410,484646.0,4867.0,1064.0,734.0,4.0,19.0,43.0,8.0,1083.0,,,37.0,2.1,24.1
2020-09-20,61,12471,12471,34,11323,3,413,486115.0,1469.0,1148.0,739.0,5.0,19.0,34.0,5.0,1167.0,,,18.0,2.3,22.7
2020-09-21,55,12526,12526,44,11367,4,417,486827.0,712.0,1204.0,740.0,1.0,19.0,45.0,12.0,1223.0,,,28.0,0.6,25.6
2020-09-22,61,12587,12587,78,11445,3,420,490268.0,3441.0,1268.0,743.0,3.0,22.0,36.0,10.0,1290.0,,,17.0,0.6,25.1
2020-09-23,65,12652,12652,92,11537,5,425,495513.0,5245.0,1317.0,744.0,1.0,18.0,38.0,9.0,1335.0,,,24.0,0.7,24.2
2020-09-24,63,12715,12715,73,11610,3,428,499757.0,4244.0,1313.0,744.0,0.0,19.0,37.0,8.0,1332.0,,,20.0,0.8,24.0
2020-09-25,67,12782,12782,78,11688,4,432,503641.0,3884.0,1393.0,752.0,8.0,21.0,40.0,11.0,1414.0,,,27.0,0.7,25.7
2020-09-26,72,12854,12854,84,11772,3,435,508507.0,4866.0,1376.0,752.0,0.0,21.0,47.0,11.0,1397.0,,,4.0,2.0,27.1
2020-09-27,76,12930,12930,46,11818,4,439,509748.0,1241.0,1421.0,762.0,10.0,21.0,49.0,11.0,1442.0,,,29.0,2.5,26.4
2020-09-28,69,12999,12999,41,11859,2,441,511272.0,1524.0,1447.0,768.0,6.0,21.0,59.0,15.0,1468.0,,,32.0,0.7,27.0
2020-09-29,71,13070,13070,63,11922,4,445,516938.0,5666.0,1557.0,772.0,4.0,22.0,55.0,18.0,1579.0,,,26.0,0.9,27.6
2020-09-30,77,13147,13147,51,11973,4,449,523729.0,6791.0,1662.0,784.0,12.0,26.0,51.0,15.0,1688.0,,,30.0,0.7,25.6
2020-10-01,82,13229,13229,49,12022,5,454,530161.0,6432.0,1679.0,792.0,8.0,29.0,56.0,13.0,1708.0,,,26.0,0.8,27.1
2020-10-02,84,13314,13313,42,12064,3,457,535595.0,5434.0,1708.0,797.0,5.0,33.0,51.0,10.0,1741.0,,,25.0,0.8,27.1
2020-10-03,79,13393,13392,53,12117,4,461,542567.0,6972.0,1835.0,802.0,5.0,31.0,59.0,8.0,1866.0,,,21.0,2.0,27.2
2020-10-04,77,13470,13469,32,12149,3,464,543894.0,1327.0,1952.0,809.0,7.0,34.0,62.0,8.0,1986.0,,,23.0,2.6,27.8
2020-10-05,73,13543,13542,28,12177,5,469,545972.0,2078.0,2058.0,816.0,7.0,37.0,54.0,5.0,2095.0,,,27.0,1.0,26.3
2020-10-06,78,13621,13620,54,12231,4,473,550794.0,4822.0,2089.0,822.0,6.0,35.0,59.0,7.0,2124.0,,,28.0,0.9,28.3
2020-10-07,82,13703,13702,63,12294,3,476,557944.0,7150.0,2143.0,830.0,8.0,33.0,63.0,9.0,2176.0,,,21.0,1.0,27.2
2020-10-08,92,13795,13794,58,12352,5,481,564322.0,6378.0,2229.0,841.0,11.0,33.0,86.0,16.0,2262.0,,,27.0,1.0,25.7
2020-10-09,82,13877,13876,46,12398,2,483,569999.0,5677.0,2260.0,845.0,4.0,33.0,84.0,21.0,2293.0,,,22.0,1.0,27.0
2020-10-10,95,13972,13971,42,12440,5,488,577154.0,7155.0,2381.0,853.0,8.0,28.0,90.0,18.0,2409.0,,,26.0,2.3,26.0
2020-10-11,118,14090,14089,31,12471,3,491,579986.0,2832.0,2509.0,866.0,13.0,40.0,104.0,22.0,2549.0,,,26.0,2.8,26.3
2020-10-12,115,14205,14204,37,12508,5,496,582122.0,2136.0,2693.0,879.0,13.0,33.0,110.0,28.0,2726.0,,,31.0,1.1,26.2
2020-10-13,114,14319,14318,95,12603,5,501,589794.0,7672.0,2849.0,891.0,12.0,44.0,119.0,28.0,2893.0,,,29.0,1.0,28.1
2020-10-14,120,14439,14438,98,12701,6,507,597935.0,8141.0,2940.0,898.0,7.0,42.0,101.0,24.0,2982.0,,,29.0,1.0,25.2
2020-10-15,127,14566,14565,96,12797,6,513,604482.0,6547.0,2983.0,914.0,16.0,41.0,121.0,25.0,3024.0,,,25.0,1.0,24.9
2020-10-16,129,14695,14694,92,12889,6,519,610985.0,6503.0,3025.0,920.0,6.0,41.0,106.0,27.0,3066.0,,,28.0,1.1,26.6
2020-10-17,135,14830,14829,88,12977,5,524,617127.0,6142.0,3313.0,931.0,11.0,41.0,122.0,33.0,3354.0,,,30.0,2.1,26.9
2020-10-18,149,14979,14978,56,13033,4,528,620054.0,2927.0,3260.0,938.0,7.0,45.0,120.0,28.0,3305.0,,,27.0,2.9,26.5
2020-10-19,157,15136,15135,48,13081,5,533,626153.0,6099.0,3414.0,950.0,12.0,50.0,122.0,37.0,3464.0,,,30.0,1.2,26.2
2020-10-20,169,15305,15304,86,13167,6,539,631983.0,5830.0,3490.0,957.0,7.0,52.0,120.0,45.0,3542.0,,,31.0,1.2,28.6
2020-10-21,186,15491,15490,92,13259,3,542,637950.0,5967.0,3565.0,976.0,19.0,72.0,123.0,27.0,3637.0,,,29.0,1.1,25.9
2020-10-22,180,15671,15670,94,13353,6,548,643458.0,5508.0,3586.0,980.0,4.0,74.0,118.0,29.0,3660.0,,,30.0,1.3,25.8
2020-10-23,175,15846,15845,98,13451,4,552,650213.0,6755.0,3702.0,987.0,7.0,78.0,124.0,27.0,3780.0,,,31.0,1.3,27.7
2020-10-24,179,16025,16024,87,13538,5,557,657641.0,7428.0,3838.0,1000.0,13.0,70.0,131.0,31.0,3908.0,,,37.0,2.5,25.8
2020-10-25,181,16206,16205,55,13593,3,560,662123.0,4482.0,3955.0,1016.0,16.0,71.0,138.0,31.0,4026.0,,,28.0,3.0,26.7
2020-10-26,177,16383,16382,58,13651,6,566,668393.0,6270.0,4108.0,1034.0,18.0,77.0,137.0,33.0,4185.0,,,39.0,1.6,27.7
2020-10-27,183,16566,16565,115,13766,3,569,676263.0,7870.0,4049.0,1046.0,12.0,76.0,136.0,31.0,4125.0,,,36.0,1.4,26.4
2020-10-28,180,16746,16745,158,13924,5,574,685746.0,9483.0,3971.0,1064.0,18.0,76.0,128.0,32.0,4047.0,,,38.0,1.6,25.4
2020-10-29,178,16924,16923,164,14088,4,578,693300.0,7554.0,3943.0,1077.0,13.0,71.0,126.0,33.0,4014.0,,,44.0,1.6,26.5
2020-10-30,185,17109,17108,142,14230,5,583,701919.0,8619.0,3833.0,1092.0,15.0,68.0,119.0,38.0,3901.0,,,47.0,1.6,22.3
2020-10-31,182,17291,17290,161,14391,3,586,714424.0,12505.0,3788.0,1106.0,14.0,59.0,118.0,34.0,3847.0,,,51.0,2.6,24.3
2020-11-01,177,17468,17467,54,14445,4,590,716661.0,2237.0,3777.0,1116.0,10.0,59.0,115.0,38.0,3836.0,,,49.0,3.0,24.9
2020-11-02,179,17647,17646,56,14501,6,596,719040.0,2379.0,3859.0,1131.0,15.0,67.0,115.0,31.0,3926.0,,,52.0,1.6,25.1
2020-11-03,182,17829,17828,147,14648,4,600,725533.0,6493.0,3981.0,1140.0,9.0,64.0,108.0,30.0,4045.0,,,49.0,1.6,23.7
2020-11-04,181,18010,18009,172,14820,3,603,740602.0,15069.0,3884.0,1151.0,11.0,52.0,114.0,33.0,3936.0,,,54.0,2.8,25.0
2020-11-05,180,18190,18189,133,14953,6,609,745114.0,4512.0,3954.0,1162.0,11.0,60.0,128.0,30.0,4014.0,,,56.0,1.6,25.9
2020-11-06,176,18366,18365,171,15124,3,612,754418.0,9304.0,3907.0,1181.0,19.0,60.0,106.0,26.0,3967.0,,,50.0,1.6,25.7
2020-11-07,181,18547,18546,168,15292,5,617,764071.0,9653.0,3916.0,1195.0,14.0,51.0,121.0,34.0,3967.0,,,51.0,2.6,25.0
2020-11-08,177,18724,18723,98,15930,4,621,768552.0,4481.0,3981.0,1213.0,18.0,51.0,128.0,32.0,4032.0,,,52.0,2.9,25.9
2020-11-09,174,18898,18897,52,15442,4,625,770921.0,2369.0,3912.0,1226.0,13.0,59.0,139.0,30.0,3971.0,,,57.0,1.6,26.8
2020-11-10,179,19077,19076,173,15615,5,630,782886.0,11965.0,3965.0,1235.0,9.0,60.0,142.0,32.0,4025.0,,,61.0,1.6,25.4
2020-11-11,185,19262,19261,176,15791,3,633,791343.0,8457.0,3929.0,1252.0,17.0,53.0,146.0,31.0,3982.0,,,54.0,1.5,24.9
2020-11-12,178,19440,19439,144,15935,7,640,801007.0,9664.0,3880.0,1262.0,10.0,58.0,142.0,32.0,3938.0,,,60.0,1.5,25.8
2020-11-13,184,19624,19623,128,16063,4,644,811239.0,10232.0,3782.0,1267.0,5.0,62.0,174.0,51.0,3844.0,,,60.0,1.5,25.0
2020-11-14,186,19810,19809,161,16224,4,648,821562.0,10323.0,3758.0,1278.0,11.0,53.0,166.0,50.0,3811.0,,,59.0,2.5,25.2
2020-11-15,176,19986,19985,83,16307,7,655,825313.0,3751.0,3790.0,1285.0,7.0,56.0,157.0,66.0,3846.0,,,58.0,2.9,25.9
2020-11-16,174,20160,20159,72,16379,5,660,828925.0,3612.0,3859.0,1311.0,26.0,57.0,182.0,54.0,3916.0,,,60.0,1.4,24.8
2020-11-17,179,20339,20338,136,16515,6,666,839680.0,10755.0,3754.0,1327.0,16.0,54.0,177.0,52.0,3808.0,,,64.0,1.4,24.8
2020-11-18,182,20521,20520,154,16669,4,670,847276.0,7596.0,3719.0,1333.0,6.0,54.0,198.0,53.0,3773.0,,,63.0,1.4,24.3
2020-11-19,176,20697,20696,167,16836,7,677,856680.0,9404.0,3612.0,1341.0,8.0,54.0,202.0,51.0,3666.0,,,64.0,1.4,25.7
2020-11-20,186,20883,20882,177,17013,5,682,863516.0,6836.0,3544.0,1353.0,12.0,51.0,205.0,60.0,3595.0,,,28.0,1.3,24.4
2020-11-21,183,21066,21065,156,17169,5,687,875111.0,11595.0,3337.0,1361.0,8.0,45.0,203.0,59.0,3382.0,,,78.0,2.5,23.4
2020-11-22,178,21244,21243,94,17263,6,693,880233.0,5122.0,3454.0,1371.0,10.0,46.0,195.0,56.0,3500.0,,,62.0,3.0,23.4
2020-11-23,172,21416,21415,66,17329,5,698,882447.0,2214.0,3547.0,1385.0,14.0,47.0,182.0,58.0,3594.0,,,65.0,1.4,23.5
2020-11-24,175,21591,21590,118,17447,6,704,892782.0,10335.0,3426.0,1393.0,8.0,45.0,205.0,60.0,3471.0,,,56.0,1.3,21.5
2020-11-25,179,21770,21769,179,17617,7,711,899172.0,6390.0,3366.0,1397.0,4.0,40.0,207.0,52.0,3406.0,,,61.0,1.3,21.8
2020-11-26,187,21957,21956,193,17810,6,717,907728.0,8556.0,3369.0,1406.0,9.0,38.0,209.0,50.0,3407.0,,,65.0,1.3,21.6
2020-11-27,181,22138,22137,188,17998,7,724,914180.0,6452.0,2940.0,1406.0,0.0,35.0,208.0,55.0,2975.0,,,59.0,1.3,22.6
2020-11-28,179,22317,22316,196,18194,6,730,920061.0,5881.0,3116.0,1406.0,0.0,28.0,209.0,40.0,3144.0,,,65.0,2.5,21.1
2020-11-29,176,22493,22492,104,18298,6,736,924174.0,4113.0,2952.0,1417.0,11.0,32.0,186.0,37.0,2984.0,,,60.0,2.9,22.1
2020-11-30,179,22672,22671,110,18408,7,743,927011.0,2837.0,3045.0,1431.0,14.0,38.0,198.0,48.0,3083.0,,,63.0,1.3,21.1
2020-12-01,177,22849,22848,166,18574,7,750,933241.0,6230.0,2962.0,1433.0,2.0,31.0,189.0,46.0,2993.0,,,65.0,1.3,21.6
2020-12-02,182,23031,23030,179,18753,6,756,938871.0,5630.0,2990.0,1441.0,8.0,22.0,199.0,47.0,3012.0,,,56.0,1.3,20.2
2020-12-03,186,23217,23216,154,18907,8,764,944180.0,5309.0,2867.0,1444.0,3.0,27.0,190.0,49.0,2894.0,,,66.0,1.3,21.3
2020-12-04,176,23393,23392,195,19102,7,771,951918.0,7738.0,2784.0,1450.0,6.0,28.0,184.0,46.0,2812.0,,,59.0,1.3,19.7
2020-12-05,179,23572,23571,198,19300,8,779,959198.0,7280.0,2588.0,1454.0,4.0,32.0,209.0,40.0,2620.0,,,66.0,2.5,20.4
2020-12-06,180,23752,23751,108,19408,7,786,961123.0,1925.0,2792.0,1460.0,6.0,35.0,193.0,39.0,2827.0,,,65.0,3.0,20.9
2020-12-07,178,23930,23929,94,19502,6,792,961775.0,652.0,2828.0,1463.0,3.0,36.0,204.0,42.0,2864.0,,,66.0,1.3,20.6
2020-12-08,174,24104,24103,197,19699,6,798,969478.0,7703.0,2733.0,1465.0,2.0,36.0,199.0,55.0,2769.0,,,60.0,1.2,19.5
2020-12-09,168,24272,24271,192,19891,8,806,973840.0,4362.0,2611.0,1467.0,2.0,37.0,194.0,56.0,2648.0,,,64.0,1.2,18.1
2020-12-10,170,24442,24441,190,20081,7,813,979569.0,5729.0,2728.0,1471.0,4.0,37.0,194.0,37.0,2765.0,,,63.0,1.2,18.9
2020-12-11,172,24614,24613,216,20297,7,820,985645.0,6076.0,2543.0,1487.0,16.0,37.0,151.0,39.0,2580.0,,,61.0,1.1,16.1
2020-12-12,169,24783,24782,224,20521,6,826,993120.0,7475.0,2512.0,1490.0,3.0,37.0,180.0,42.0,2549.0,,,63.0,2.3,18.4
2020-12-13,168,24951,24950,121,20642,7,833,994721.0,1601.0,2605.0,1495.0,5.0,36.0,178.0,37.0,2641.0,,,46.0,2.9,19.6
2020-12-14,170,25136,25120,96,20738,6,839,996076.0,1355.0,2657.0,1511.0,16.0,38.0,166.0,40.0,2695.0,,,66.0,1.1,18.9
2020-12-15,168,25304,25288,206,20994,7,846,1003639.0,7563.0,2597.0,1516.0,5.0,38.0,173.0,40.0,2635.0,,,58.0,1.0,19.4
2020-12-16,163,25467,25451,215,21159,7,853,1008419.0,4780.0,2537.0,1519.0,3.0,32.0,150.0,35.0,2569.0,,,52.0,1.0,17.8
2020-12-17,167,25634,25618,208,21367,7,860,1013586.0,5167.0,2454.0,1528.0,9.0,28.0,134.0,40.0,2482.0,,,54.0,1.0,18.6
2020-12-18,171,25805,25789,203,21570,6,866,1019314.0,5728.0,2406.0,1533.0,5.0,30.0,158.0,40.0,2436.0,,,63.0,1.0,18.0
2020-12-19,166,25971,25955,228,21798,8,874,1026864.0,7550.0,2257.0,1537.0,4.0,30.0,174.0,43.0,2287.0,,,56.0,2.2,18.8
2020-12-20,169,26140,26124,109,21907,7,881,1029064.0,2200.0,2279.0,1546.0,9.0,34.0,175.0,39.0,2313.0,,,54.0,2.8,18.4
2020-12-21,165,26305,26289,98,22005,7,888,1029415.0,351.0,2331.0,1549.0,3.0,36.0,174.0,46.0,2367.0,,,58.0,1.1,19.7
2020-12-22,166,26471,26455,216,22221,7,895,1036260.0,6845.0,2296.0,1553.0,4.0,33.0,167.0,45.0,2329.0,,,53.0,1.0,19.7
2020-12-23,161,26632,26616,233,22454,7,902,1040503.0,4243.0,2259.0,1564.0,11.0,28.0,167.0,40.0,2287.0,,,52.0,1.0,14.9
2020-12-24,158,26790,26774,229,22683,7,909,1046625.0,6122.0,2277.0,1570.0,6.0,28.0,175.0,38.0,2305.0,1280.0,,55.0,0.9,15.1
2020-12-25,165,26955,26939,217,22900,9,918,1051883.0,5258.0,2250.0,1574.0,4.0,26.0,174.0,50.0,2276.0,,,55.0,1.0,15.7
2020-12-26,160,27115,27099,231,23131,7,925,1057107.0,5224.0,2100.0,1590.0,16.0,21.0,169.0,47.0,2121.0,,,51.0,2.8,15.6
2020-12-27,157,27272,27256,93,23224,8,933,1058438.0,1331.0,2050.0,1598.0,8.0,23.0,159.0,43.0,2073.0,,,49.0,3.3,15.0
2020-12-28,155,27427,27411,95,23319,8,941,1059112.0,674.0,2157.0,1608.0,10.0,23.0,152.0,38.0,2180.0,,,54.0,1.5,13.5
2020-12-29,156,27583,27567,214,23533,9,950,1065906.0,6794.0,2073.0,1613.0,5.0,16.0,148.0,37.0,2089.0,,,58.0,1.0,14.5
2020-12-30,153,27736,27720,225,23758,8,958,1069841.0,3935.0,1894.0,1621.0,8.0,11.0,144.0,37.0,1905.0,1900.0,,54.0,1.2,15.0
2020-12-31,149,27885,27869,238,23996,9,967,1076039.0,6198.0,1765.0,1630.0,9.0,6.0,131.0,28.0,1771.0,,,27.0,2.9,15.0
2021-01-01,152,28037,28021,244,24240,7,974,1079842.0,3803.0,1580.0,1638.0,8.0,4.0,147.0,24.0,1584.0,,,,3.8,15.1
2021-01-02,154,28191,28175,127,24367,9,983,1080222.0,380.0,1612.0,1647.0,9.0,7.0,152.0,30.0,1619.0,,,,3.6,14.8
2021-01-03,150,28341,28325,151,24518,8,991,1080825.0,603.0,1667.0,1653.0,6.0,8.0,152.0,29.0,1675.0,,,,3.4,10.8
2021-01-04,146,28487,28471,193,24711,9,1000,1082066.0,1241.0,1725.0,1660.0,7.0,9.0,151.0,50.0,1734.0,,,0.0,3.0,11.2
2021-01-05,142,28629,28613,187,24898,8,1008,1084739.0,2673.0,1680.0,1663.0,3.0,13.0,154.0,28.0,1693.0,,,56.0,2.9,11.8
2021-01-06,141,28770,28754,209,25107,7,1015,1086666.0,1927.0,1673.0,1667.0,4.0,13.0,158.0,37.0,1686.0,,,58.0,2.7,11.0
2021-01-07,146,28916,28900,221,25328,9,1024,1090649.0,3983.0,1720.0,1672.0,5.0,15.0,160.0,30.0,1735.0,,,50.0,3.1,11.4
2021-01-08,143,29059,29043,92,25420,7,1031,1091430.0,781.0,1766.0,1680.0,8.0,15.0,162.0,32.0,1781.0,,,57.0,2.8,11.4
2021-01-09,139,29198,29182,203,25623,9,1040,1096388.0,4958.0,1687.0,1684.0,4.0,15.0,176.0,22.0,1702.0,,,57.0,3.0,11.8
2021-01-10,140,29338,29322,111,25734,7,1047,1099953.0,3565.0,1524.0,1687.0,3.0,15.0,170.0,18.0,1539.0,,,48.0,3.1,11.3
2021-01-11,138,29476,29460,189,25923,8,1055,1105348.0,5395.0,1762.0,1693.0,6.0,13.0,171.0,23.0,1775.0,,,49.0,1.3,12.0
2021-01-12,136,29612,29596,214,26137,9,1064,1112110.0,6762.0,1711.0,1700.0,7.0,13.0,145.0,31.0,1724.0,,,47.0,1.4,12.3
2021-01-13,140,29752,29736,228,26365,9,1073,1115659.0,3549.0,1657.0,1705.0,5.0,17.0,149.0,31.0,1674.0,2670.0,,50.0,1.4,13.5
2021-01-14,144,29896,29880,232,26597,8,1081,1121190.0,5531.0,1517.0,1710.0,5.0,17.0,141.0,25.0,1534.0,,,46.0,1.4,13.8
2021-01-15,139,30035,30019,226,26823,8,1089,1126401.0,5211.0,1607.0,1717.0,7.0,17.0,90.0,25.0,1624.0,,,52.0,1.4,13.2
2021-01-16,146,30181,30165,237,27060,9,1098,1132057.0,5656.0,1548.0,1725.0,8.0,18.0,96.0,18.0,1566.0,,,57.0,2.5,12.9
2021-01-17,142,30323,30307,101,27161,7,1105,1133556.0,1499.0,1578.0,1728.0,3.0,18.0,130.0,23.0,1596.0,,,51.0,3.0,12.1
2021-01-18,138,30461,30445,97,27258,9,1114,1134529.0,973.0,1624.0,1732.0,4.0,21.0,141.0,25.0,1645.0,4194.0,,55.0,1.1,11.0
2021-01-19,142,30603,30587,188,27446,8,1122,1141637.0,7108.0,1633.0,1737.0,5.0,18.0,138.0,25.0,1651.0,,,51.0,1.1,11.2
2021-01-20,144,30747,30731,209,27655,7,1129,1145419.0,3782.0,1619.0,1743.0,6.0,16.0,138.0,26.0,1635.0,5000.0,,47.0,1.2,11.6
2021-01-21,147,30894,30878,223,27878,10,1139,1150552.0,5133.0,1587.0,1751.0,8.0,16.0,127.0,28.0,1603.0,5806.0,,51.0,1.1,10.8
2021-01-22,140,31034,31018,211,28089,9,1148,1155161.0,4609.0,1541.0,1757.0,6.0,16.0,129.0,24.0,1557.0,,,54.0,1.1,11.8
2021-01-23,137,31171,31155,218,28307,7,1155,1161410.0,6249.0,1519.0,1766.0,9.0,16.0,137.0,22.0,1535.0,,,51.0,2.5,11.2
2021-01-24,135,31306,31290,94,28401,10,1165,1162988.0,1578.0,1565.0,1771.0,5.0,19.0,138.0,18.0,1584.0,,,49.0,3.3,10.9
2021-01-25,134,31440,31424,90,28491,8,1173,1163819.0,831.0,1634.0,1775.0,4.0,19.0,132.0,19.0,1653.0,9748.0,,47.0,1.9,10.3
2021-01-26,131,31571,31555,197,28688,10,1183,1169994.0,6175.0,1603.0,1778.0,3.0,21.0,152.0,27.0,1624.0,,,48.0,1.7,10.6
2021-01-27,138,31709,31693,208,28896,8,1191,1174397.0,4403.0,1590.0,1782.0,4.0,20.0,100.0,14.0,1610.0,,,50.0,1.0,10.3
2021-01-28,134,31843,31827,214,29110,10,1201,1179057.0,4660.0,1558.0,1789.0,7.0,19.0,104.0,16.0,1577.0,14146.0,2500.0,48.0,1.0,11.5
2021-01-29,139,31982,31966,220,29330,8,1209,1183181.0,4124.0,1520.0,1804.0,15.0,18.0,113.0,15.0,1538.0,14610.0,2613.0,49.0,1.0,11.5
2021-01-30,136,32118,32102,228,29558,7,1216,1188815.0,5634.0,1460.0,1807.0,3.0,18.0,113.0,19.0,1478.0,,,51.0,2.4,10.5
2021-01-31,133,32251,32235,97,29655,9,1225,1190277.0,1462.0,1508.0,1812.0,5.0,18.0,115.0,17.0,1526.0,,,45.0,3.1,10.9
2021-02-01,134,32385,32369,92,29747,8,1233,1191478.0,1201.0,1560.0,1819.0,7.0,15.0,109.0,23.0,1575.0,,,44.0,1.2,10.0
2021-02-02,132,32517,32501,202,29949,10,1243,1197179.0,5701.0,1582.0,1827.0,8.0,6.0,102.0,22.0,1588.0,14797.0,2958.0,47.0,1.1,9.6
2021-02-03,135,32652,32636,206,30155,7,1250,1201542.0,4363.0,1548.0,1833.0,6.0,6.0,103.0,21.0,1554.0,,,49.0,1.2,10.6
2021-02-04,134,32786,32770,213,30368,10,1260,1205536.0,3994.0,1530.0,1845.0,12.0,6.0,113.0,18.0,1536.0,,,46.0,1.1,10.2
2021-02-05,131,32917,32901,219,30587,7,1267,1210446.0,4910.0,1494.0,1849.0,4.0,11.0,98.0,23.0,1505.0,15000.0,,45.0,1.1,11.1
2021-02-06,127,33044,33028,207,30587,6,1273,1216648.0,6202.0,1466.0,1852.0,3.0,11.0,123.0,21.0,1477.0,16781.0,3416.0,41.0,2.4,10.9
2021-02-07,125,33169,33153,91,30885,8,1281,1218106.0,1458.0,1501.0,1857.0,5.0,11.0,103.0,16.0,1512.0,,,35.0,3.0,10.8
2021-02-08,128,33297,33281,94,30979,7,1288,1218444.0,338.0,1545.0,1866.0,9.0,11.0,124.0,26.0,1556.0,,,51.0,1.2,10.0
2021-02-09,130,33427,33411,215,31194,8,1296,1224476.0,6032.0,1522.0,1870.0,4.0,15.0,120.0,24.0,1537.0,,,41.0,1.2,9.7
2021-02-10,134,33561,33545,215,31402,6,1302,1229555.0,5079.0,1511.0,1880.0,10.0,16.0,119.0,28.0,1527.0,25000.0,5000.0,44.0,1.2,10.1
2021-02-11,131,33692,33676,202,31604,7,1309,1234079.0,4524.0,1470.0,1886.0,6.0,19.0,116.0,21.0,1489.0,30638.0,6000.0,44.0,1.3,11.1
2021-02-12,127,33819,33803,103,31707,6,1315,1237506.0,3427.0,1478.0,1892.0,6.0,20.0,125.0,21.0,1498.0,,,40.0,1.4,11.7
2021-02-13,128,33947,33931,94,31801,9,1324,1241130.0,3624.0,1414.0,1894.0,2.0,20.0,124.0,26.0,1434.0,,,41.0,2.6,10.7
2021-02-14,121,34068,34052,67,31868,6,1330,1242515.0,1385.0,1413.0,1898.0,4.0,20.0,131.0,24.0,1433.0,,,44.0,2.9,11.2
2021-02-15,123,34191,34175,41,31909,8,1338,1247325.0,4810.0,1452.0,1907.0,9.0,20.0,127.0,24.0,1472.0,32707.0,7477.0,46.0,1.1,11.0
2021-02-16,120,34311,34295,73,31982,7,1345,1253144.0,5819.0,1444.0,1915.0,8.0,25.0,100.0,21.0,1469.0,35629.0,11117.0,48.0,1.0,9.9
2021-02-17,126,34437,34421,79,32061,7,1352,1258106.0,4962.0,1317.0,1924.0,9.0,24.0,107.0,20.0,1341.0,,,55.0,1.1,10.1
2021-02-18,121,34558,34542,84,32145,9,1361,1262494.0,4388.0,1278.0,1926.0,2.0,27.0,103.0,21.0,1305.0,41784.0,13638.0,46.0,1.1,11.1
2021-02-19,118,34676,34660,81,32226,7,1368,1267290.0,4796.0,1285.0,1942.0,16.0,26.0,90.0,19.0,1311.0,44823.0,14261.0,37.0,1.1,10.9
2021-02-20,124,34800,34784,79,32305,9,1377,1273329.0,6039.0,1245.0,1949.0,7.0,23.0,85.0,17.0,1268.0,,,41.0,1.4,10.2
2021-02-21,128,34928,34912,51,32356,6,1383,1278285.0,4956.0,1178.0,1961.0,12.0,23.0,98.0,19.0,1201.0,,,29.0,2.7,10.8
2021-02-22,119,35047,35031,32,32388,8,1391,1279053.0,768.0,1216.0,1972.0,11.0,23.0,96.0,18.0,1239.0,,,43.0,2.6,11.2
2021-02-23,115,35162,35146,24,32412,6,1397,1280372.0,1319.0,1219.0,1978.0,6.0,18.0,96.0,20.0,1237.0,,,52.0,3.0,11.1
2021-02-24,112,35274,35258,48,32460,9,1406,1280751.0,379.0,1263.0,1990.0,12.0,20.0,95.0,19.0,1283.0,53007.0,14535.0,31.0,1.2,10.6
2021-02-25,118,35392,35376,97,32557,8,1414,1285769.0,5018.0,1258.0,1994.0,4.0,20.0,87.0,17.0,1278.0,,,44.0,1.1,10.8
2021-02-26,123,35515,35499,102,32659,7,1421,1293591.0,7822.0,1244.0,2005.0,11.0,25.0,88.0,14.0,1269.0,59682.0,16241.0,40.0,1.1,11.9
2021-02-27,120,35635,35619,110,32769,9,1430,1298981.0,5390.0,1182.0,2018.0,13.0,25.0,90.0,15.0,1207.0,,,36.0,2.5,11.6
2021-02-28,114,35749,35733,55,32824,6,1436,1300683.0,1702.0,1220.0,2020.0,2.0,25.0,90.0,15.0,1245.0,,,48.0,3.0,11.3
2021-03-01,111,35860,35844,61,32885,8,1444,1301664.0,981.0,1251.0,2025.0,5.0,25.0,94.0,16.0,1276.0,,,44.0,1.1,12.0
2021-03-02,115,35975,35959,110,32995,8,1452,1306784.0,5120.0,1250.0,2031.0,6.0,21.0,91.0,16.0,1271.0,63498.0,20693.0,46.0,1.0,10.1
2021-03-03,107,36082,36066,112,33107,9,1461,1312507.0,5723.0,1233.0,2033.0,2.0,21.0,90.0,15.0,1254.0,67315.0,25908.0,41.0,1.0,12.5
2021-03-04,100,36182,36166,107,33214,6,1467,1316959.0,4452.0,1212.0,2036.0,3.0,18.0,93.0,16.0,1230.0,,,44.0,0.9,12.4
2021-03-05,106,36288,36272,115,33329,8,1475,1323567.0,6608.0,1225.0,2046.0,10.0,19.0,100.0,16.0,1244.0,73710.0,30693.0,41.0,1.0,12.0
2021-03-06,109,36397,36381,124,33453,7,1482,1328070.0,4503.0,1227.0,2061.0,15.0,17.0,99.0,16.0,1244.0,,,42.0,2.2,11.7
2021-03-07,102,36499,36483,48,33501,7,1489,1329630.0,1560.0,1170.0,2072.0,11.0,19.0,103.0,19.0,1189.0,,,44.0,2.5,11.6
2021-03-08,100,36599,36583,52,33553,6,1495,1330667.0,1037.0,1197.0,2078.0,6.0,19.0,100.0,16.0,1216.0,,,57.0,2.8,12.4
2021-03-09,104,36703,36687,37,33590,8,1503,1331518.0,851.0,1221.0,2087.0,9.0,18.0,98.0,15.0,1239.0,73800.0,30693.0,32.0,1.1,10.9
2021-03-10,102,36805,36789,96,33686,7,1510,1336947.0,5429.0,1210.0,2097.0,10.0,17.0,87.0,13.0,1227.0,,,36.0,0.9,10.7
2021-03-11,97,36902,36886,104,33790,6,1516,1340540.0,3593.0,1175.0,2104.0,7.0,14.0,92.0,18.0,1189.0,,,41.0,0.9,11.4
2021-03-12,100,37002,36986,108,33898,5,1521,1345483.0,4943.0,1157.0,2113.0,9.0,16.0,98.0,18.0,1173.0,82875.0,43000.0,47.0,0.9,13.1
2021-03-13,103,37105,37089,117,34015,4,1525,1349636.0,4153.0,1061.0,2121.0,8.0,16.0,95.0,17.0,1077.0,,,40.0,2.3,12.9
2021-03-14,98,37203,37187,84,34099,6,1531,1351981.0,2345.0,1111.0,2134.0,13.0,12.0,91.0,14.0,1123.0,,,58.0,2.9,12.6
2021-03-15,95,37298,37282,75,34174,5,1536,1352964.0,983.0,1142.0,2148.0,14.0,14.0,88.0,15.0,1156.0,,,47.0,1.0,11.6
2021-03-16,101,37399,37383,110,34284,6,1542,1358163.0,5199.0,1073.0,2157.0,9.0,10.0,92.0,14.0,1083.0,,,43.0,0.9,10.9
2021-03-17,92,37491,37475,119,34403,5,1547,1362645.0,4482.0,1042.0,2165.0,8.0,6.0,92.0,11.0,1048.0,,,44.0,0.9,11.3
2021-03-18,90,37581,37565,132,34535,6,1553,1367085.0,4440.0,1762.0,2173.0,8.0,12.0,96.0,14.0,1774.0,89215.0,54732.0,44.0,0.9,11.9
2021-03-19,97,37678,37662,127,34662,5,1558,1372603.0,5518.0,1735.0,2178.0,5.0,12.0,86.0,13.0,1747.0,,,51.0,0.9,13.0
2021-03-20,104,37782,37766,156,34818,6,1564,1377034.0,4431.0,1630.0,2189.0,11.0,12.0,84.0,16.0,1642.0,,,44.0,2.1,11.8
2021-03-21,96,37878,37862,51,34869,5,1569,1378612.0,1578.0,1643.0,2195.0,6.0,12.0,82.0,16.0,1655.0,,,67.0,2.8,12.0
2021-03-22,91,37969,37953,67,34936,5,1574,1379140.0,528.0,1658.0,2201.0,6.0,12.0,76.0,14.0,1670.0,90296.0,58109.0,40.0,1.0,10.9
2021-03-23,93,38062,38046,146,35082,6,1580,1385004.0,5864.0,1585.0,2206.0,5.0,13.0,77.0,11.0,1598.0,,,26.0,0.9,11.2
2021-03-24,87,38149,38133,137,35219,5,1585,1388737.0,3733.0,1597.0,2213.0,7.0,14.0,84.0,13.0,1611.0,,,57.0,1.0,12.2
2021-03-25,93,38242,38226,136,35355,6,1591,1392872.0,4135.0,1571.0,2220.0,7.0,15.0,78.0,14.0,1586.0,93368.0,67198.0,44.0,1.0,12.7
2021-03-26,101,38343,38327,119,35474,7,1598,1397303.0,4431.0,1572.0,2243.0,23.0,15.0,77.0,16.0,1587.0,,,57.0,1.0,12.8
2021-03-27,94,38437,38421,139,35613,5,1603,1401934.0,4631.0,1521.0,2250.0,7.0,15.0,78.0,15.0,1536.0,,,39.0,2.2,11.9
2021-03-28,85,38522,38506,53,35666,5,1608,1404439.0,2505.0,1538.0,2256.0,6.0,15.0,74.0,14.0,1553.0,95491.0,70772.0,75.0,2.8,12.9
2021-03-29,87,38609,38593,41,35707,6,1614,1405906.0,1467.0,1599.0,2268.0,12.0,15.0,85.0,16.0,1614.0,97448.0,73433.0,60.0,1.0,13.1
2021-03-30,85,38694,38678,114,35821,5,1619,1409354.0,3448.0,1598.0,2278.0,10.0,11.0,70.0,15.0,1609.0,,,45.0,0.9,12.2
2021-03-31,80,38774,38758,128,35949,6,1625,1413536.0,4182.0,1626.0,2282.0,4.0,11.0,71.0,15.0,1637.0,100461.0,76317.0,50.0,0.9,12.9
2021-04-01,73,38847,38831,103,36052,5,1630,1417565.0,4029.0,1613.0,2289.0,7.0,7.0,70.0,16.0,1620.0,103000.0,78909.0,48.0,0.8,13.3
2021-04-02,82,38929,38913,98,36150,6,1636,1422571.0,5006.0,1570.0,2293.0,4.0,7.0,74.0,16.0,1577.0,,,58.0,0.9,12.9
2021-04-03,84,39013,38997,119,36269,5,1641,1426865.0,4294.0,1539.0,2293.0,0.0,7.0,64.0,17.0,1546.0,,,39.0,2.2,13.6
2021-04-04,79,39092,39076,42,36311,5,1646,1429179.0,2314.0,2297.0,,,,65.0,15.0,1512.0,,,63.0,2.7,13.2
2021-04-05,75,39167,39151,79,36351,6,1652,1430608.0,1429.0,1543.0,2302.0,,7.0,64.0,15.0,1550.0,111132.0,82037.0,42.0,0.8,13.0
2021-04-06,79,39246,39230,97,36448,6,1658,1434086.0,3478.0,1532.0,2308.0,6.0,7.0,62.0,15.0,1539.0,115983.0,84156.0,40.0,0.8,12.1
2021-04-07,82,39328,39312,106,36554,4,1662,1437685.0,3599.0,1496.0,2313.0,5.0,7.0,57.0,17.0,1503.0,,,49.0,0.8,12.5
2021-04-08,71,39399,39383,103,36657,5,1667,1441363.0,3678.0,1485.0,2316.0,3.0,7.0,64.0,16.0,1492.0,120000.0,85000.0,54.0,0.8,13.2
2021-04-09,80,39479,39463,98,36755,4,1671,1445535.0,4172.0,1491.0,2321.0,5.0,7.0,58.0,14.0,1498.0,,,51.0,0.7,13.1
2021-04-10,87,39566,39550,109,36864,5,1676,1449820.0,4285.0,1478.0,2328.0,7.0,7.0,52.0,10.0,1485.0,,,57.0,1.9,13.1
2021-04-11,78,39644,39628,53,36917,4,1680,1451823.0,2003.0,1429.0,2333.0,5.0,7.0,58.0,16.0,1436.0,,,72.0,2.5,13.0
2021-04-12,73,39717,39701,42,36959,4,1684,1453014.0,1191.0,1569.0,2337.0,4.0,7.0,62.0,13.0,1576.0,139692.0,88451.0,46.0,0.8,13.3
2021-04-13,79,39796,39780,96,37055,4,1688,1456302.0,3288.0,1532.0,2344.0,7.0,7.0,71.0,13.0,1539.0,142514.0,90107.0,51.0,0.7,12.8
2021-04-14,85,39881,39865,93,37148,3,1691,1460275.0,3973.0,1433.0,2348.0,4.0,7.0,78.0,15.0,1440.0,,,39.0,0.8,13.9
2021-04-15,80,39961,39945,86,37234,4,1695,1464853.0,4578.0,1412.0,2354.0,6.0,6.0,73.0,14.0,1418.0,152178.0,92102.0,53.0,0.7,12.4
2021-04-16,82,40043,40027,61,37295,5,1700,1469531.0,4678.0,1372.0,2370.0,16.0,9.0,69.0,15.0,1381.0,157184.0,94416.0,53.0,0.6,13.0
2021-04-17,76,40119,40103,48,37343,4,1704,1473727.0,4196.0,1304.0,2382.0,12.0,9.0,66.0,16.0,1313.0,,,52.0,2.0,12.4
2021-04-18,72,40191,40175,19,37362,3,1707,1476102.0,2375.0,1303.0,2384.0,2.0,9.0,67.0,12.0,1312.0,,,61.0,2.7,12.7
2021-04-19,70,40261,40245,15,37377,4,1711,1477629.0,1527.0,1315.0,2387.0,3.0,7.0,62.0,12.0,1322.0,,,51.0,0.9,12.6
2021-04-20,74,40335,40319,44,37421,4,1715,1481157.0,3528.0,1272.0,2394.0,7.0,7.0,63.0,14.0,1279.0,169551.0,97989.0,44.0,0.8,12.6
2021-04-21,81,40416,40400,39,37460,4,1719,1484930.0,3773.0,1234.0,2401.0,7.0,7.0,57.0,13.0,1241.0,,,54.0,0.8,12.2
2021-04-22,85,40501,40485,47,37507,4,1723,1489094.0,4164.0,1233.0,2411.0,10.0,7.0,55.0,9.0,1240.0,179000.0,102000.0,54.0,0.8,13.2
2021-04-23,80,40581,40565,42,37549,4,1727,1493758.0,4664.0,1235.0,2416.0,5.0,5.0,59.0,11.0,1240.0,,,55.0,0.7,13.4
2021-04-24,76,40657,40641,52,37601,4,1731,1497938.0,4180.0,1169.0,2423.0,7.0,5.0,60.0,13.0,1174.0,,,53.0,1.8,13.1
2021-04-25,74,40731,40715,12,37613,3,1734,1499671.0,1733.0,1192.0,2428.0,5.0,5.0,59.0,16.0,1197.0,,,68.0,2.4,13.3
2021-04-26,71,40802,40786,17,37630,3,1737,1501209.0,1538.0,2443.0,,,,56.0,15.0,1222.0,192518.0,110806.0,53.0,0.7,13.5
2021-04-27,75,40877,40861,36,37666,5,1742,1504702.0,3493.0,1212.0,2454.0,,,54.0,10.0,1219.0,,,49.0,0.6,12.9
2021-04-28,79,40956,40940,31,37697,4,1746,1508670.0,3968.0,1208.0,2457.0,3.0,7.0,49.0,10.0,1215.0,,,61.0,0.7,13.7
2021-04-29,74,41030,41014,44,37741,4,1750,1512708.0,4038.0,1221.0,2463.0,6.0,6.0,56.0,11.0,1227.0,208000.0,122000.0,59.0,0.6,13.0
2021-04-30,70,41100,41084,48,37789,4,1754,1517744.0,5036.0,1184.0,2475.0,12.0,10.0,56.0,13.0,1194.0,214390.0,126590.0,56.0,0.5,14.3
2021-05-01,78,41178,41162,41,37830,4,1758,1522017.0,4273.0,1184.0,2485.0,10.0,10.0,56.0,13.0,1194.0,,,60.0,2.3,14.2
2021-05-02,76,41254,41238,16,37846,3,1761,1523942.0,1925.0,1146.0,2493.0,8.0,8.0,33.0,6.0,1154.0,,,59.0,2.4,14.7
2021-05-03,72,41326,41310,11,37857,4,1765,1525610.0,1668.0,1167.0,2495.0,2.0,8.0,45.0,7.0,1175.0,,,62.0,2.1,13.8
2021-05-04,75,41401,41385,13,37870,3,1768,1527105.0,1495.0,1165.0,2503.0,8.0,8.0,44.0,9.0,1173.0,,,69.0,1.4,12.2
2021-05-05,78,41479,41463,27,37897,4,1772,1529552.0,2447.0,1164.0,2513.0,10.0,8.0,49.0,6.0,1172.0,,,57.0,1.2,11.7
2021-05-06,73,41552,41536,49,37946,5,1777,1532576.0,3024.0,1150.0,2520.0,7.0,8.0,48.0,4.0,1158.0,229855.0,145939.0,68.0,1.1,13.4
2021-05-07,69,41621,41605,58,38004,3,1780,1536459.0,3883.0,1083.0,2525.0,5.0,7.0,38.0,3.0,1090.0,234127.0,150304.0,60.0,1.2,13.8
2021-05-08,65,41686,41670,55,38059,4,1784,1539915.0,3456.0,1099.0,2530.0,5.0,7.0,45.0,5.0,1106.0,,,70.0,1.9,18.3
2021-05-09,72,41758,41742,16,38075,3,1787,1542083.0,2168.0,1109.0,2539.0,9.0,7.0,40.0,7.0,1116.0,,,62.0,2.3,16.6
2021-05-10,67,41825,41809,13,38088,5,1792,1543841.0,1758.0,1107.0,2554.0,15.0,7.0,40.0,7.0,1114.0,,,71.0,2.2,15.4
2021-05-11,69,41894,41878,14,38102,4,1796,1547158.0,3317.0,1185.0,2565.0,11.0,7.0,51.0,4.0,1192.0,239000.0,156683.0,55.0,0.5,14.2
2021-05-12,71,41965,41949,54,38156,5,1801,1550749.0,3591.0,1223.0,2577.0,12.0,5.0,62.0,6.0,1228.0,240863.0,159336.0,60.0,0.4,14.2
2021-05-13,68,42033,42017,67,38223,4,1805,1554672.0,3923.0,1228.0,2580.0,3.0,5.0,58.0,3.0,1233.0,,,65.0,0.5,16.1
2021-05-14,74,44210,42091,73,38296,4,1809,1559683.0,5011.0,1222.0,2590.0,10.0,5.0,48.0,5.0,1227.0,253000.0,178000.0,67.0,0.4,17.0
2021-05-15,77,42184,42168,75,38371,3,1812,1564431.0,4748.0,1181.0,2596.0,6.0,5.0,51.0,5.0,1186.0,,,64.0,1.6,17.0
2021-05-16,73,42257,42241,34,38405,4,1816,1566652.0,2221.0,1196.0,2602.0,6.0,5.0,52.0,4.0,1201.0,,,62.0,2.3,15.8
2021-05-17,65,42322,42306,28,38433,4,1820,1568246.0,1594.0,1220.0,2609.0,7.0,5.0,48.0,3.0,1225.0,,,68.0,0.5,16.7
2021-05-18,67,42389,42373,67,38500,5,1825,1572011.0,3765.0,1268.0,2616.0,7.0,5.0,59.0,3.0,1273.0,,,67.0,0.5,14.5
2021-05-19,73,42462,42446,81,38581,4,1829,1575516.0,3505.0,1274.0,2622.0,6.0,5.0,55.0,4.0,1279.0,,,69.0,0.5,15.3
2021-05-20,70,42532,42516,69,38640,3,1832,1579321.0,3805.0,1291.0,2630.0,8.0,10.0,61.0,8.0,1301.0,,,67.0,0.6,14.4
2021-05-21,69,42601,42585,65,38705,4,1836,1583725.0,4404.0,1285.0,2635.0,5.0,10.0,57.0,7.0,1295.0,279698.0,208896.0,64.0,0.5,16.3
2021-05-22,75,42676,42660,59,38764,5,1841,1587569.0,3844.0,1252.0,2642.0,7.0,8.0,55.0,8.0,1260.0,,,62.0,2.1,12.0
2021-05-23,72,42748,42732,21,38785,4,1845,1589544.0,1975.0,1259.0,2651.0,9.0,8.0,55.0,8.0,1267.0,,,58.0,2.1,14.5
2021-05-24,69,42817,42801,25,38810,4,1849,1590773.0,1229.0,1292.0,2660.0,9.0,13.0,58.0,8.0,1305.0,,,61.0,0.6,12.1
2021-05-25,74,74,42875,56,38866,5,1854,1594469.0,3696.0,1324.0,2668.0,8.0,12.0,58.0,4.0,1336.0,290097.0,213160.0,66.0,0.5,11.9
2021-05-26,76,42967,42951,64,38930,4,1858,1598188.0,3719.0,1358.0,2668.0,0.0,12.0,56.0,3.0,1370.0,,,64.0,0.4,12.1
2021-05-27,69,43036,43020,72,39002,4,1862,1601953.0,3765.0,1373.0,2681.0,13.0,13.0,57.0,3.0,1386.0,298772.0,221893.0,64.0,0.5,14.3
2021-05-28,75,43111,43095,74,39076,4,1866,1606851.0,4898.0,1394.0,2688.0,7.0,16.0,67.0,5.0,1410.0,302708.0,226416.0,69.0,0.6,12.7
2021-05-29,79,43190,43174,77,39153,3,1869,1612507.0,5656.0,1319.0,2695.0,7.0,16.0,69.0,7.0,1335.0,,,66.0,1.7,14.3
2021-05-30,77,43267,43251,29,39182,5,1874,1617047.0,4540.0,1351.0,2700.0,5.0,16.0,74.0,9.0,1367.0,,,62.0,2.2,13.4
2021-05-31,74,43341,43325,33,39215,4,1878,1618898.0,1851.0,1397.0,2712.0,12.0,16.0,67.0,8.0,1413.0,,,64.0,0.5,13.2
2021-06-01,76,43417,43401,78,39293,6,1884,1625449.0,6551.0,1447.0,2722.0,10.0,19.0,63.0,10.0,1466.0,311216.0,233822.0,63.0,0.4,13.3
2021-06-02,79,43496,43480,86,39379,5,1889,1630546.0,5097.0,1447.0,2734.0,12.0,19.0,58.0,8.0,1466.0,,,68.0,0.5,13.1
2021-06-03,75,43571,43555,84,39463,5,1894,1635607.0,5061.0,1468.0,2743.0,9.0,27.0,61.0,6.0,1495.0,319000.0,241000.0,65.0,0.6,15.0
2021-06-04,85,43656,43640,102,39565,5,1899,1642763.0,7156.0,1527.0,2748.0,5.0,22.0,64.0,7.0,1549.0,,,67.0,0.7,15.0
2021-06-05,92,43749,43732,77,39642,4,1903,1648808.0,6045.0,1510.0,2756.0,8.0,32.0,64.0,8.0,1542.0,,,67.0,1.9,14.7
2021-06-06,87,43835,43819,32,39674,4,1907,1652818.0,4010.0,1621.0,2768.0,12.0,34.0,63.0,7.0,1655.0,,,47.0,2.2,14.9
2021-06-07,73,43908,43892,37,39711,6,1913,1655406.0,2588.0,1705.0,2777.0,9.0,24.0,66.0,9.0,1729.0,327697.0,252607.0,64.0,0.6,13.7
2021-06-08,78,43986,43970,84,39795,5,1918,1660774.0,5368.0,1642.0,2786.0,9.0,30.0,67.0,8.0,1672.0,,,72.0,0.5,15.0
2021-06-09,86,44072,44056,87,39882,5,1923,1667881.0,7107.0,1740.0,2796.0,10.0,28.0,74.0,10.0,1768.0,,,68.0,0.6,16.2
2021-06-10,99,44171,44155,91,39973,5,1928,1676582.0,8701.0,1858.0,2812.0,16.0,37.0,80.0,11.0,1895.0,339531.0,267275.0,62.0,0.6,15.7
2021-06-11,103,44274,44258,93,40066,6,1934,1684275.0,7693.0,1883.0,2822.0,10.0,35.0,86.0,11.0,1918.0,,,64.0,0.6,17.7
2021-06-12,108,44382,44366,61,40127,4,1938,1692516.0,8241.0,1945.0,2835.0,13.0,39.0,89.0,12.0,1984.0,,,65.0,1.8,16.1
2021-06-13,95,44477,44461,58,40185,5,1943,1698251.0,5735.0,2025.0,2844.0,9.0,46.0,100.0,15.0,2071.0,,,59.0,2.3,16.1
2021-06-14,84,44561,44545,47,40232,5,1948,1701104.0,2853.0,2122.0,2858.0,14.0,48.0,90.0,12.0,2170.0,,,66.0,1.9,16.2
2021-06-15,92,44653,44637,53,40285,6,1954,1707927.0,6823.0,2203.0,2869.0,11.0,39.0,87.0,13.0,2242.0,349118.0,276173.0,69.0,0.6,15.0
2021-06-16,99,44752,44736,97,40382,5,1959,1713625.0,5698.0,2215.0,2876.0,7.0,66.0,100.0,24.0,2281.0,,,72.0,0.6,14.3
2021-06-17,102,44854,44838,83,40465,6,1965,1721178.0,7553.0,2578.0,2899.0,23.0,61.0,120.0,23.0,2639.0,361974.0,289068.0,68.0,0.6,15.5
2021-06-18,120,44974,44958,71,40536,7,1972,1729761.0,8583.0,2706.0,2926.0,27.0,69.0,137.0,20.0,2775.0,,,68.0,0.6,14.3
2021-06-19,131,45105,45089,101,40637,8,1980,1740445.0,10684.0,2811.0,2944.0,18.0,69.0,138.0,22.0,2880.0,,,68.0,1.8,17.9
2021-06-20,144,45249,45233,43,40690,5,1985,1745689.0,5244.0,2989.0,2960.0,16.0,74.0,146.0,29.0,3063.0,,,55.0,2.4,17.1
2021-06-21,150,45399,45383,61,40751,7,1992,1750349.0,4660.0,3143.0,2986.0,26.0,78.0,151.0,37.0,3221.0,,,62.0,1.0,15.3
2021-06-22,146,45545,45529,127,40878,9,2001,1759287.0,8938.0,3367.0,3006.0,20.0,67.0,165.0,35.0,3434.0,382077.0,,64.0,1.0,14.7
2021-06-23,154,45699,45683,89,40967,8,2009,1768778.0,9491.0,3516.0,3027.0,21.0,94.0,171.0,31.0,3610.0,,,67.0,0.9,15.8
2021-06-24,160,45859,45843,109,41076,5,2014,1779187.0,10409.0,3685.0,3048.0,21.0,94.0,206.0,36.0,3779.0,399000.0,309520.0,62.0,1.0,15.1
2021-06-25,151,46010,45994,93,41169,9,2023,1791523.0,12336.0,3894.0,3071.0,23.0,95.0,228.0,38.0,3989.0,,,53.0,1.0,15.3
2021-06-26,158,46168,46152,105,41274,6,2029,1802062.0,10539.0,3938.0,3084.0,13.0,93.0,236.0,50.0,4031.0,,,35.0,2.0,14.2
2021-06-27,162,46330,46314,68,41342,7,2036,1809431.0,7369.0,3979.0,3103.0,19.0,92.0,283.0,56.0,4071.0,,,44.0,2.4,14.4
2021-06-28,156,46486,46470,59,41401,9,2045,1814908.0,5477.0,4283.0,3115.0,12.0,102.0,326.0,70.0,4385.0,410960.0,312904.0,31.0,1.1,14.1
2021-06-29,161,46647,46631,121,41522,7,2052,1825250.0,10342.0,4342.0,3128.0,13.0,106.0,352.0,72.0,4448.0,,,33.0,0.8,12.2
2021-06-30,173,46820,46804,108,41630,11,2063,1837763.0,12513.0,4576.0,3142.0,14.0,101.0,346.0,80.0,4677.0,,,40.0,1.0,14.0
2021-07-01,178,46998,46982,97,41727,9,2072,1848967.0,11204.0,4701.0,3152.0,10.0,94.0,346.0,86.0,4795.0,,,37.0,0.8,14.1
2021-07-02,171,47169,47153,112,41839,7,2079,1862106.0,13139.0,4864.0,3177.0,25.0,94.0,366.0,83.0,4958.0,,,26.0,0.8,13.2
2021-07-03,180,47349,47333,136,41975,6,2085,1874515.0,12409.0,4853.0,3210.0,33.0,89.0,354.0,73.0,4942.0,,,36.0,2.0,12.8
2021-07-04,169,47518,47502,41,42016,10,2095,1882523.0,8008.0,5135.0,3237.0,27.0,90.0,362.0,72.0,5225.0,,,48.0,2.3,13.6
2021-07-05,173,47691,47675,33,42049,5,2100,1890256.0,7733.0,5144.0,3267.0,30.0,102.0,345.0,67.0,5246.0,466858.0,339250.0,28.0,0.9,13.4
2021-07-06,179,47870,47854,107,42156,8,2108,1901422.0,11166.0,5104.0,3285.0,18.0,99.0,356.0,69.0,5203.0,499789.0,351534.0,36.0,0.9,12.1
2021-07-07,185,48055,48039,116,42274,11,2119,1914957.0,13535.0,5378.0,,,,365.0,63.0,5378.0,,,40.0,1.0,12.3
2021-07-08,189,48244,48228,126,42400,8,2127,1927610.0,12653.0,5399.0,,,,351.0,66.0,5399.0,,,38.0,0.8,11.9
2021-07-09,178,48422,48406,141,42541,10,2137,1942664.0,15054.0,5341.0,3356.0,,,349.0,60.0,5441.0,,,33.0,0.8,13.0
2021-07-10,184,48606,48590,146,42687,7,2144,1957138.0,14474.0,5291.0,3372.0,16.0,100.0,356.0,62.0,5391.0,,,42.0,1.8,12.5
2021-07-11,179,48785,48769,52,42739,8,2152,1965460.0,8322.0,5491.0,3390.0,18.0,99.0,388.0,80.0,5590.0,,,57.0,2.2,11.1
2021-07-12,173,48958,48942,63,42802,9,2161,1971699.0,6239.0,5588.0,3406.0,16.0,102.0,376.0,79.0,5690.0,506000.0,354000.0,32.0,0.9,10.8
2021-07-13,184,49142,49126,138,42940,11,2172,1982579.0,10880.0,5731.0,3423.0,17.0,92.0,404.0,61.0,5823.0,,,37.0,0.8,11.7
2021-07-14,198,49340,49324,97,43037,8,2180,1993540.0,10961.0,5691.0,3445.0,22.0,93.0,424.0,61.0,5784.0,,,46.0,0.9,10.7
2021-07-15,193,49533,49517,101,43138,10,2190,2003413.0,9873.0,5830.0,3480.0,35.0,87.0,438.0,75.0,5917.0,522656.0,385934.0,45.0,1.0,11.9
2021-07-16,196,49729,49713,106,43244,8,2198,2021784.0,18371.0,5801.0,3502.0,22.0,88.0,425.0,76.0,5889.0,526392.0,394817.0,54.0,0.9,11.5
2021-07-17,187,49916,49900,117,43361,7,2205,2034908.0,13124.0,5637.0,3522.0,20.0,90.0,424.0,73.0,5727.0,,,60.0,1.9,10.8
2021-07-18,179,50095,50079,51,43412,9,2214,2042676.0,7768.0,5706.0,3544.0,22.0,95.0,430.0,73.0,5801.0,,,60.0,2.5,11.3
2021-07-19,183,50278,50262,45,43457,6,2220,2048252.0,5576.0,5870.0,3567.0,23.0,90.0,431.0,66.0,5960.0,,,65.0,0.9,11.6
2021-07-20,190,50468,50452,108,43565,9,2229,2059188.0,10936.0,5808.0,3584.0,17.0,74.0,413.0,55.0,5882.0,,,60.0,0.8,10.6
2021-07-21,201,50669,50653,123,43688,11,2240,2071198.0,12010.0,5701.0,3608.0,24.0,78.0,410.0,51.0,5779.0,,,59.0,0.8,10.4
2021-07-22,195,50864,50848,137,43825,9,2249,2083487.0,12289.0,5587.0,3630.0,22.0,87.0,411.0,50.0,5674.0,544000.0,433900.0,66.0,0.8,9.9
2021-07-23,204,51068,51052,115,43940,9,2258,2094912.0,11425.0,5504.0,3662.0,32.0,75.0,401.0,54.0,5579.0,,,62.0,0.8,10.5
2021-07-24,213,51281,51265,114,44054,12,2270,2107590.0,12678.0,5372.0,3688.0,26.0,52.0,384.0,49.0,5424.0,,,60.0,1.8,10.2
2021-07-25,218,51499,51483,51,44105,8,2278,2114960.0,7370.0,5390.0,3717.0,29.0,53.0,388.0,55.0,5443.0,,,67.0,2.2,9.9
2021-07-26,209,51708,51692,44,44149,9,2287,2119523.0,4563.0,5579.0,3737.0,20.0,59.0,387.0,53.0,5638.0,551871.0,442300.0,67.0,0.9,9.2
2021-07-27,200,51908,51892,122,44271,10,2297,2130579.0,11056.0,5389.0,3761.0,24.0,58.0,385.0,54.0,5447.0,564470.0,461174.0,59.0,0.8,9.3
2021-07-28,205,52113,52097,117,44388,11,2308,2141745.0,11166.0,5248.0,3778.0,17.0,57.0,381.0,53.0,5305.0,,,69.0,0.8,8.3
2021-07-29,196,52309,52293,104,44492,10,2318,2153949.0,12204.0,5129.0,3793.0,15.0,50.0,384.0,51.0,5179.0,570000.0,475000.0,68.0,0.8,9.2
2021-07-30,202,52511,52495,111,44603,11,2329,2164773.0,10824.0,5059.0,3820.0,27.0,51.0,371.0,51.0,5110.0,,,66.0,0.8,8.5
2021-07-31,209,52720,52704,132,44735,11,2340,2177315.0,12542.0,4824.0,3837.0,17.0,51.0,358.0,48.0,4875.0,,,68.0,1.8,9.0
2021-08-01,199,52919,52903,36,44771,8,2348,2183921.0,6606.0,4864.0,3858.0,21.0,50.0,353.0,47.0,4914.0,,,79.0,2.2,8.6
2021-08-02,195,53114,53098,42,44813,10,2358,2188124.0,4203.0,4745.0,3878.0,20.0,60.0,350.0,46.0,4805.0,574000.0,482000.0,67.0,0.8,9.3
2021-08-03,201,53315,53299,142,44955,9,2367,2195724.0,7600.0,4428.0,3903.0,25.0,56.0,349.0,48.0,4484.0,581000.0,493000.0,68.0,0.8,8.2
2021-08-04,204,53519,53503,147,45102,12,2379,2205094.0,9370.0,4291.0,3923.0,20.0,46.0,338.0,48.0,4337.0,590850.0,502942.0,68.0,0.8,9.1
2021-08-05,197,53716,53700,153,45255,9,2388,2214072.0,8978.0,4179.0,3947.0,24.0,51.0,325.0,46.0,4230.0,,,68.0,0.8,8.7
2021-08-06,190,53906,53890,138,45393,11,2399,2224924.0,10852.0,4154.0,3971.0,24.0,54.0,318.0,42.0,4208.0,,,66.0,1.0,8.3
2021-08-07,194,54100,54084,131,45524,9,2408,2233206.0,8282.0,3965.0,3988.0,17.0,53.0,318.0,42.0,4018.0,,,75.0,1.9,8.4
2021-08-08,199,54299,54283,44,45568,9,2417,2239849.0,6643.0,3915.0,4012.0,24.0,52.0,293.0,31.0,3967.0,,,74.0,2.2,8.5
2021-08-09,196,54495,54479,39,45607,10,2427,2243139.0,3290.0,3983.0,4044.0,32.0,63.0,280.0,32.0,4046.0,,,72.0,0.8,8.6
2021-08-10,198,54693,54677,153,45760,12,2439,2249628.0,6489.0,3807.0,4073.0,29.0,63.0,276.0,31.0,3870.0,608522.0,,74.0,0.8,7.2
2021-08-11,191,54884,54868,139,45899,10,2449,2257312.0,7684.0,3504.0,4101.0,28.0,54.0,268.0,28.0,3558.0,619180.0,,77.0,0.9,8.1
2021-08-12,187,55071,55055,122,46021,11,2460,2264137.0,6825.0,3398.0,4128.0,27.0,61.0,259.0,26.0,3459.0,624627.0,539175.0,72.0,0.9,8.1
2021-08-13,193,55264,55248,127,46148,9,2469,2271927.0,7790.0,3281.0,4146.0,18.0,62.0,263.0,25.0,3343.0,,,77.0,0.9,8.3
2021-08-14,185,55449,55433,144,46292,13,2482,2277449.0,5522.0,2722.0,4175.0,29.0,57.0,201.0,19.0,2779.0,,,75.0,1.9,8.2
2021-08-15,181,55630,55614,40,46332,9,2491,2282972.0,5523.0,2728.0,4202.0,27.0,60.0,196.0,19.0,2788.0,,,80.0,2.1,8.1
2021-08-16,183,55813,55797,36,46368,10,2501,2285342.0,2370.0,2781.0,4225.0,23.0,60.0,197.0,18.0,2841.0,629650.0,,74.0,0.7,8.6
2021-08-17,190,56003,55987,117,46485,9,2510,2290878.0,5536.0,2725.0,4249.0,24.0,47.0,195.0,18.0,2772.0,640913.0,562617.0,71.0,0.7,8.2
2021-08-18,184,56187,56171,104,46589,12,2522,2297622.0,6744.0,2631.0,4271.0,22.0,39.0,190.0,19.0,2670.0,,,71.0,0.7,8.1
2021-08-19,187,56374,56358,112,46701,12,2534,2303884.0,6262.0,2560.0,4301.0,30.0,40.0,195.0,25.0,2600.0,649583.0,573068.0,68.0,0.7,8.9
2021-08-20,181,56555,56539,101,46802,9,2543,2310759.0,6875.0,2503.0,4317.0,16.0,39.0,194.0,23.0,2542.0,,,72.0,0.7,7.6
2021-08-21,185,56740,56724,122,46924,11,2554,2316744.0,5985.0,2399.0,4332.0,15.0,39.0,188.0,25.0,2438.0,,,58.0,1.8,8.7
2021-08-22,177,56917,56901,39,46963,10,2564,2320528.0,3784.0,2416.0,4354.0,22.0,45.0,181.0,25.0,2461.0,,,62.0,2.2,7.6
2021-08-23,175,57092,57076,43,47006,12,2576,2322802.0,2274.0,2452.0,4374.0,20.0,45.0,179.0,24.0,2497.0,659868.0,583983.0,70.0,0.8,8.2
2021-08-24,180,57272,57256,94,47100,9,2585,2328141.0,5339.0,2399.0,4388.0,14.0,42.0,171.0,20.0,2441.0,,,52.0,0.7,7.8
2021-08-25,183,57455,57439,105,47205,11,2596,2334691.0,6550.0,2363.0,4403.0,15.0,42.0,167.0,17.0,2405.0,663688.0,589240.0,70.0,0.7,7.2
2021-08-26,177,57632,57616,113,47318,11,2607,2341413.0,6722.0,2273.0,4420.0,17.0,38.0,168.0,17.0,2311.0,,,64.0,0.6,7.4
2021-08-27,174,57806,57790,119,47437,9,2616,2348400.0,6987.0,2237.0,4440.0,20.0,40.0,165.0,17.0,2277.0,674849.0,602987.0,65.0,0.7,7.0
2021-08-28,180,57986,57970,121,47558,11,2627,2354549.0,6149.0,2158.0,4455.0,15.0,40.0,158.0,17.0,2198.0,,,63.0,1.7,6.7
2021-08-29,173,58159,58143,38,47596,9,2636,2358182.0,3633.0,2154.0,4472.0,17.0,40.0,162.0,15.0,2194.0,,,54.0,2.2,6.9
2021-08-30,167,58326,58310,32,47628,8,2644,2360811.0,2629.0,2215.0,4495.0,23.0,37.0,164.0,19.0,2252.0,,,63.0,0.8,7.4
2021-08-31,175,58501,58485,106,47734,13,2657,2365903.0,5092.0,2131.0,4507.0,12.0,37.0,160.0,18.0,2168.0,683033.0,615009.0,62.0,0.7,7.7
2021-09-01,171,58672,58656,96,47830,10,2667,2372047.0,6144.0,2054.0,4518.0,11.0,37.0,168.0,13.0,2054.0,,,66.0,0.6,6.9
2021-09-02,166,58838,58822,110,47940,12,2679,2377527.0,5480.0,1975.0,4543.0,25.0,22.0,168.0,12.0,1975.0,,,70.0,0.5,7.7
2021-09-03,170,59008,58992,109,48049,9,2688,2383311.0,5784.0,1961.0,4569.0,26.0,23.0,167.0,14.0,1961.0,,,75.0,0.5,7.1
2021-09-04,173,59181,59165,113,48162,11,2699,2388261.0,4950.0,1869.0,4589.0,20.0,22.0,162.0,16.0,1869.0,,,71.0,1.6,7.5
2021-09-05,168,59349,59333,33,48195,9,2708,2391005.0,2744.0,1915.0,4603.0,14.0,23.0,160.0,16.0,1915.0,,,79.0,2.2,7.5
2021-09-06,165,59514,59498,37,48232,13,2721,2393480.0,2475.0,1965.0,4618.0,15.0,23.0,162.0,16.0,1965.0,,,74.0,0.5,7.0
2021-09-07,169,59683,59667,109,48341,10,2731,2398955.0,5475.0,1888.0,4645.0,27.0,27.0,157.0,14.0,1915.0,,,75.0,0.5,7.1
2021-09-08,160,59843,59827,115,48456,9,2740,2403410.0,4455.0,1868.0,4663.0,18.0,19.0,158.0,14.0,1887.0,,,71.0,0.5,7.6
2021-09-09,165,60008,59992,108,48564,12,2752,2409447.0,6037.0,1844.0,4683.0,20.0,23.0,148.0,12.0,1867.0,703913.0,649918.0,80.0,0.6,7.5
2021-09-10,170,60178,60162,124,48688,13,2765,2415800.0,6353.0,1758.0,4705.0,22.0,23.0,137.0,12.0,1781.0,,,72.0,0.6,7.0
2021-09-11,174,60352,60336,127,48815,9,2774,2421907.0,6107.0,1691.0,4730.0,25.0,37.0,140.0,13.0,1728.0,,,75.0,1.9,7.5
2021-09-12,171,60523,60507,31,48846,10,2784,2425778.0,3871.0,1722.0,4758.0,28.0,37.0,141.0,21.0,1759.0,,,85.0,2.5,7.2
2021-09-13,166,60689,60673,35,48881,12,2796,2427675.0,1897.0,1757.0,4782.0,24.0,40.0,147.0,21.0,1797.0,,,80.0,0.5,7.5
2021-09-14,168,60857,60841,102,48983,9,2805,2432365.0,4690.0,1743.0,4803.0,21.0,34.0,141.0,22.0,1777.0,,,74.0,0.5,6.5
2021-09-15,172,61029,61013,118,49101,10,2815,2438912.0,6547.0,1696.0,4830.0,27.0,34.0,135.0,15.0,1730.0,,,80.0,0.5,7.4
2021-09-16,169,61198,61182,113,49214,13,2828,2445786.0,6874.0,1628.0,4851.0,21.0,38.0,132.0,17.0,1666.0,717546.0,669352.0,80.0,0.6,8.2
2021-09-17,166,61364,61348,97,49311,11,2839,2452819.0,7033.0,1667.0,4873.0,22.0,36.0,135.0,19.0,1703.0,,,72.0,0.6,8.5
2021-09-18,170,61534,61518,102,45413,8,2847,2459671.0,6852.0,1692.0,4894.0,21.0,37.0,142.0,26.0,1729.0,,,80.0,1.9,8.1
2021-09-19,164,61698,61682,44,49457,12,2859,2463822.0,4151.0,1689.0,4928.0,34.0,38.0,146.0,28.0,1727.0,,,72.0,2.5,7.9
2021-09-20,160,61858,61842,38,49495,10,2869,2465375.0,1553.0,1730.0,,,35.0,145.0,18.0,1765.0,,,79.0,0.5,7.4
2021-09-21,165,62023,62007,104,49599,39,2878,2470476.0,5101.0,1758.0,4985.0,,35.0,149.0,22.0,1793.0,724000.0,680000.0,75.0,0.5,7.0
2021-09-22,168,62191,62175,112,49711,13,2891,2477099.0,6623.0,1700.0,5030.0,45.0,42.0,157.0,19.0,1742.0,729097.0,,68.0,0.5,8.4
2021-09-23,171,62362,62346,108,49819,11,2902,2484090.0,6991.0,1711.0,5074.0,44.0,38.0,160.0,21.0,1749.0,,,76.0,0.6,8.5
2021-09-24,173,62535,62519,112,49931,13,2915,2491725.0,7635.0,1739.0,5101.0,27.0,39.0,168.0,22.0,1778.0,,,74.0,0.6,8.2
2021-09-25,168,62703,62687,110,50041,12,2927,2498724.0,6999.0,1724.0,5125.0,24.0,39.0,170.0,26.0,1763.0,,,76.0,1.9,8.7
2021-09-26,164,62867,62851,35,50076,11,2938,2502609.0,3885.0,1760.0,5149.0,24.0,40.0,173.0,24.0,1800.0,,,69.0,2.5,7.8
2021-09-27,161,63028,63012,39,50115,13,2951,2504756.0,2147.0,1740.0,5178.0,29.0,40.0,169.0,24.0,1780.0,,,74.0,0.5,8.8
2021-09-28,166,63194,63178,103,50218,11,2962,2510012.0,5256.0,1844.0,5223.0,45.0,34.0,186.0,23.0,1878.0,,,78.0,0.5,7.9
2021-09-29,172,63366,63350,114,50322,13,2975,2516947.0,6935.0,1858.0,5272.0,49.0,30.0,196.0,25.0,1888.0,,,72.0,0.5,8.6
2021-09-30,176,63542,63526,105,50437,10,2985,2523753.0,6806.0,1822.0,5311.0,39.0,28.0,198.0,23.0,1850.0,,,75.0,0.6,8.5
2021-10-01,172,63714,63698,111,50548,12,2997,2530906.0,7153.0,1867.0,5355.0,44.0,35.0,205.0,26.0,1902.0,746000.0,701000.0,78.0,0.6,9.0
2021-10-02,167,63881,63865,141,50689,13,3010,2537921.0,7015.0,1917.0,5387.0,32.0,35.0,220.0,23.0,1952.0,,,66.0,1.9,8.5
2021-10-03,171,64052,64036,43,50732,11,3021,2541295.0,3374.0,1893.0,5432.0,45.0,35.0,220.0,23.0,1928.0,,,84.0,2.5,8.7
2021-10-04,165,64217,64201,37,50769,12,3033,2544669.0,3374.0,5473.0,,,,217.0,24.0,2020.0,,,67.0,0.5,7.9
2021-10-05,169,64386,64370,124,50893,11,3044,2549899.0,5230.0,5512.0,,,,230.0,26.0,2092.0,,,76.0,0.5,8.4
2021-10-06,182,64568,64552,131,51024,15,3059,2556527.0,6628.0,5546.0,,,,244.0,32.0,2128.0,,,75.0,0.5,8.7
2021-10-07,190,64758,64742,127,51151,14,3073,2563252.0,6725.0,2156.0,5585.0,,37.0,255.0,40.0,2193.0,757000.0,712000.0,71.0,0.6,9.1
2021-10-08,184,64942,64926,144,51295,12,3085,2571041.0,7789.0,2204.0,5635.0,50.0,42.0,268.0,45.0,2246.0,,,72.0,0.6,8.6
2021-10-09,177,65119,65103,136,51431,15,3100,2578994.0,7953.0,2158.0,5674.0,39.0,42.0,267.0,41.0,2200.0,,,64.0,1.9,8.9
2021-10-10,180,65299,65283,39,51470,12,3112,2583092.0,4098.0,2195.0,5698.0,24.0,42.0,266.0,41.0,2237.0,,,66.0,2.5,8.5
2021-10-11,174,65473,65457,32,51502,15,3127,2585455.0,2363.0,2313.0,5733.0,35.0,46.0,288.0,48.0,2359.0,,,68.0,0.5,8.9
2021-10-12,178,65651,65635,129,51631,13,3140,2591229.0,5774.0,2432.0,5770.0,37.0,51.0,292.0,38.0,2483.0,,,70.0,0.5,7.6
2021-10-13,191,65842,65826,131,51762,9,3149,2598850.0,7621.0,2474.0,5818.0,48.0,49.0,277.0,40.0,2523.0,,,77.0,0.5,8.7
2021-10-14,208,66050,66034,122,51884,13,3162,2605378.0,6528.0,2513.0,5866.0,48.0,53.0,280.0,42.0,2566.0,772000.0,724000.0,70.0,0.6,8.8
2021-10-15,256,66306,66290,142,52026,12,3174,2614454.0,9076.0,5931.0,,,,273.0,44.0,2578.0,,,70.0,0.6,9.0
2021-10-16,241,66547,66531,146,52172,11,3185,2622381.0,7927.0,5989.0,,,,268.0,43.0,2662.0,,,69.0,1.9,9.0
2021-10-17,250,66797,66781,39,52211,8,3193,2627832.0,5451.0,6047.0,,,,278.0,49.0,2698.0,,,72.0,2.5,8.5
2021-10-18,245,67042,67026,34,52245,16,3209,2630876.0,3044.0,6094.0,,,,290.0,51.0,6094.0,782234.0,730575.0,68.0,0.5,8.2
2021-10-19,257,67299,67283,122,52367,8,3217,2638065.0,7189.0,6152.0,,,,291.0,50.0,6152.0,,,65.0,0.5,7.4
2021-10-20,271,67570,67554,130,52497,15,3232,2646296.0,8231.0,6199.0,,,,304.0,54.0,6199.0,,,72.0,0.5,9.0
2021-10-21,291,67861,67845,126,52623,17,3249,2655364.0,9068.0,6255.0,,,,303.0,53.0,6255.0,822368.0,752554.0,70.0,0.6,8.9
2021-10-22,282,68143,68127,147,52770,16,3265,2666207.0,10843.0,6309.0,,,,312.0,48.0,6309.0,,,70.0,0.6,9.1
2021-10-23,294,68437,68421,152,52922,9,3274,2675902.0,9695.0,6376.0,,,,302.0,54.0,6376.0,,,73.0,1.9,8.6
2021-10-24,281,68718,68702,45,52967,13,3287,2681631.0,5729.0,6429.0,,,,310.0,48.0,6429.0,,,69.0,2.5,8.8
2021-10-25,267,68985,68969,39,53006,15,3302,2684315.0,2684.0,6480.0,,,,314.0,47.0,6480.0,,,73.0,0.5,9.0
2021-10-26,295,69280,69264,134,53140,11,3313,2692052.0,7737.0,6548.0,,,,305.0,57.0,6548.0,,,68.0,0.5,8.0
2021-10-27,319,69599,69583,172,53312,11,3324,2701820.0,9768.0,6605.0,,,,297.0,56.0,6605.0,,,71.0,0.5,8.3
2021-10-28,342,69941,69925,166,53478,15,3339,2710710.0,8890.0,6659.0,,,,279.0,40.0,6659.0,864300.0,,68.0,0.6,8.8
2021-10-29,337,70278,70262,169,53647,15,3354,2722305.0,11595.0,6715.0,,,,311.0,54.0,6715.0,,,65.0,0.6,8.6
2021-10-30,349,70627,70611,188,53835,12,3366,2732707.0,10402.0,6770.0,,,,313.0,56.0,6770.0,890000.0,790000.0,68.0,1.9,8.3
2021-10-31,340,70967,70951,49,53884,14,3380,2739986.0,7279.0,6814.0,,,,306.0,55.0,6814.0,,,63.0,2.5,8.8
2021-11-01,334,71301,71285,46,53930,15,3395,2743120.0,3134.0,6862.0,,,,327.0,59.0,6862.0,905797.0,799458.0,72.0,0.5,9.0
2021-11-02,345,71646,71630,159,54089,14,3409,2749857.0,6737.0,6930.0,,,,299.0,51.0,6930.0,,,70.0,0.5,8.0
2021-11-03,368,72014,71998,183,54272,12,3421,2759605.0,9748.0,6996.0,,,,332.0,51.0,6996.0,939916.0,816288.0,80.0,0.5,8.5
2021-11-04,392,72406,72390,187,54459,14,3435,2766342.0,6737.0,3884.0,,,33.0,313.0,55.0,3917.0,,,69.0,0.6,8.8
2021-11-05,381,72787,72771,54,54513,11,3446,2775240.0,8898.0,7136.0,,,48.0,341.0,48.0,7184.0,,,75.0,0.6,9.3
2021-11-06,390,73177,73161,98,54611,15,3461,2781674.0,6434.0,7207.0,,,,318.0,49.0,7207.0,,,80.0,1.9,11.3
2021-11-07,385,73562,73546,83,54694,13,3474,2787381.0,5707.0,7257.0,,,,322.0,47.0,7257.0,,,62.0,2.5,8.1
2021-11-08,400,73962,73946,79,54773,12,3486,2789706.0,2325.0,7329.0,,,,341.0,47.0,7329.0,970000.0,831035.0,73.0,0.5,8.7
2021-11-09,394,74356,74340,162,54935,14,3500,2799244.0,9538.0,3912.0,,,,325.0,52.0,3912.0,988412.0,842003.0,74.0,0.5,8.2
2021-11-10,405,74761,74745,179,55114,16,3516,2816267.0,17023.0,7472.0,,,,357.0,67.0,7472.0,849747.0,,83.0,0.5,8.4
2021-11-11,399,75160,75144,202,55316,12,3528,2826335.0,10068.0,7532.0,,,,310.0,67.0,7532.0,1012000.0,856000.0,79.0,0.6,8.6
2021-11-12,407,75567,75551,213,55529,11,3539,2838697.0,12362.0,7607.0,,,,325.0,65.0,7607.0,,,71.0,0.6,8.6
2021-11-13,402,75969,75953,209,55738,14,3553,2848816.0,10119.0,3843.0,7671.0,,,348.0,63.0,3843.0,,,84.0,1.9,9.4
2021-11-14,397,76366,76350,92,55830,13,3566,2856138.0,7322.0,3892.0,7721.0,50.0,50.0,364.0,59.0,3942.0,,,77.0,2.5,7.9
2021-11-15,402,76768,76752,89,55919,16,3582,2858926.0,2788.0,3973.0,,,,422.0,57.0,3973.0,,,72.0,0.5,6.9
2021-11-16,409,77177,77161,128,56047,13,3595,2867023.0,8097.0,4105.0,4105.0,,,350.0,62.0,4105.0,,,77.0,0.5,6.6
2021-11-17,395,77572,77556,93,56140,15,3610,2876049.0,9026.0,3986.0,3986.0,-119.0,,329.0,59.0,3986.0,,,75.0,0.5,6.4
2021-11-18,404,77976,77960,102,56242,14,3624,2887252.0,11203.0,4186.0,7963.0,3977.0,,336.0,60.0,4186.0,,,76.0,0.6,7.0
2021-11-19,400,78376,78360,107,56349,12,3636,2899855.0,12603.0,4197.0,8020.0,57.0,,344.0,61.0,4197.0,,,74.0,0.6,6.5
2021-11-20,392,78768,78752,139,56488,16,3652,2912108.0,12253.0,4023.0,8076.0,56.0,,381.0,62.0,4023.0,,,76.0,1.9,6.5
2021-11-21,399,79167,79151,58,56546,13,3665,2919738.0,7630.0,3942.0,8076.0,0.0,,370.0,63.0,3942.0,,,74.0,2.5,6.7
2021-11-22,391,79558,79542,61,56607,14,3679,2923141.0,3403.0,4145.0,8201.0,125.0,,363.0,56.0,4145.0,,,80.0,0.5,6.5
2021-11-23,400,79958,79942,111,56718,15,3694,2935123.0,11982.0,4146.0,8254.0,53.0,,349.0,50.0,4146.0,,,83.0,0.5,6.0
2021-11-24,394,80352,80336,98,56816,11,3705,2947786.0,12663.0,4140.0,8320.0,66.0,,360.0,54.0,4140.0,,,79.0,0.5,6.5
2021-11-25,403,80755,80739,107,56923,14,3719,2959073.0,11287.0,4128.0,,,,355.0,49.0,4128.0,,,72.0,0.6,6.9
2021-11-26,396,81151,81135,91,57014,17,3736,2974381.0,15308.0,4143.0,,,,357.0,43.0,4143.0,,,82.0,0.6,7.1
2021-11-27,391,81542,81526,113,57127,17,3753,2987270.0,12889.0,4247.0,8514.0,,,362.0,54.0,4247.0,,,80.0,1.9,6.7
2021-11-28,400,81942,81926,51,57178,14,3767,2996288.0,9018.0,4104.0,8562.0,48.0,,360.0,53.0,4104.0,,,85.0,2.5,6.3
2021-11-29,393,82335,82319,60,57238,13,3780,3000142.0,3854.0,4183.0,8632.0,70.0,,339.0,47.0,4183.0,,,78.0,0.5,7.6
2021-11-30,397,82732,82716,113,57351,17,3797,3010595.0,10453.0,4110.0,8706.0,74.0,,332.0,47.0,4110.0,,,80.0,0.5,6.9
2021-12-01,402,83134,83118,121,57472,17,3814,3022769.0,12174.0,4069.0,8769.0,63.0,,335.0,45.0,4069.0,,,77.0,0.5,7.2
2021-12-02,391,83525,83509,134,57606,16,3830,3034984.0,12215.0,4024.0,8853.0,84.0,,331.0,53.0,4024.0,,,80.0,0.6,7.3
2021-12-03,396,83921,83905,128,57734,15,3845,3050315.0,15331.0,3969.0,8946.0,93.0,,309.0,55.0,3969.0,,,83.0,0.6,7.8
2021-12-04,401,84322,84306,133,57867,14,3859,3064507.0,14192.0,3887.0,9027.0,81.0,,313.0,55.0,3887.0,,,77.0,1.9,6.8
2021-12-05,392,84714,84698,44,57911,16,3875,3073276.0,8769.0,3948.0,9098.0,71.0,,329.0,53.0,3948.0,,,82.0,2.5,7.0
2021-12-06,387,85101,85085,52,57963,18,3893,3079043.0,5767.0,4029.0,9149.0,51.0,,330.0,55.0,4029.0,,,82.0,0.5,8.0
2021-12-07,395,85496,85480,207,58170,14,3907,3090591.0,11548.0,4103.0,9208.0,59.0,48.0,342.0,50.0,4151.0,,,83.0,0.5,7.2
2021-12-08,399,85895,85879,224,58394,16,3923,3103668.0,13077.0,3990.0,9270.0,62.0,48.0,345.0,57.0,4038.0,,,83.0,0.5,7.5
2021-12-09,382,86277,86261,240,58634,14,3937,3116613.0,12945.0,3889.0,9327.0,57.0,,353.0,71.0,3889.0,,,85.0,0.6,7.4
2021-12-10,396,86673,86657,248,58882,11,3948,3132554.0,15941.0,3900.0,9400.0,73.0,55.0,353.0,60.0,3955.0,,,85.0,0.6,7.3
2021-12-11,389,87062,87046,255,59137,13,3961,3145660.0,13106.0,3709.0,9478.0,78.0,55.0,312.0,60.0,3764.0,,,84.0,1.9,8.0
2021-12-12,385,87447,87431,120,59257,14,3975,3152628.0,6968.0,3838.0,,,55.0,319.0,58.0,3893.0,,,81.0,2.5,7.7
2021-12-13,392,87839,87823,77,59334,12,3987,3159597.0,6969.0,3924.0,9625.0,,,316.0,54.0,3924.0,,,89.0,0.5,7.9
2021-12-14,398,88237,88221,227,59561,15,4002,3168510.0,8913.0,3895.0,9683.0,58.0,44.0,327.0,51.0,3939.0,,,81.0,0.5,6.6
2021-12-15,381,88618,88602,258,59819,14,4016,3179366.0,10856.0,3886.0,9776.0,93.0,,340.0,54.0,3886.0,,,86.0,0.5,6.8
2021-12-16,393,89011,88995,279,60098,12,4028,3190633.0,11267.0,3793.0,9842.0,66.0,,341.0,58.0,3793.0,,,84.0,0.6,7.3
2021-12-17,385,89396,89380,281,60379,14,4042,3203270.0,12637.0,3708.0,9914.0,72.0,,342.0,62.0,3708.0,,,77.0,0.6,7.6
2021-12-18,390,89786,89770,297,60676,16,4058,3214617.0,11347.0,3652.0,9995.0,81.0,,333.0,57.0,3652.0,,,73.0,1.9,7.5
2021-12-19,382,90168,90152,121,60797,13,4071,3221665.0,7048.0,3708.0,10059.0,64.0,,312.0,52.0,3708.0,,,81.0,2.5,8.1
2021-12-20,378,90546,90530,156,60953,11,4082,3225921.0,4256.0,3560.0,10124.0,65.0,,323.0,48.0,3560.0,,,82.0,0.5,8.0
2021-12-21,385,90931,90915,360,61313,15,4097,3231987.0,6066.0,3779.0,10199.0,75.0,,327.0,46.0,3779.0,,,76.0,0.5,7.2
2021-12-22,379,91310,91294,358,61671,13,4110,3244899.0,12912.0,3649.0,10264.0,65.0,,326.0,50.0,3649.0,,,84.0,0.5,6.8
2021-12-23,372,91682,91666,361,62032,16,4126,3255158.0,10259.0,3548.0,10336.0,72.0,,320.0,49.0,3548.0,,,77.0,0.6,7.7
2021-12-24,381,92063,92047,378,62410,14,4140,3266542.0,11384.0,3221.0,10409.0,73.0,,307.0,50.0,3221.0,,,78.0,0.6,7.2
2021-12-25,376,92439,92423,388,62798,11,4151,3275704.0,9162.0,3262.0,10486.0,77.0,,309.0,39.0,3262.0,,,80.0,1.9,8.1
2021-12-26,374,92808,92797,253,63051,15,4166,3282631.0,6927.0,3273.0,,,,308.0,47.0,3273.0,,,78.0,2.5,7.4
2021-12-27,374,93182,93171,242,63293,12,4178,3284743.0,2112.0,3386.0,10603.0,,,329.0,41.0,3386.0,,,80.0,0.5,8.0
2021-12-28,382,93564,93553,359,63652,13,4191,3290522.0,5779.0,3293.0,10672.0,69.0,,308.0,38.0,3293.0,,,76.0,0.5,6.8
2021-12-29,377,93941,93930,364,64016,16,4207,3300761.0,10239.0,3116.0,10728.0,56.0,,301.0,37.0,3116.0,,,82.0,0.5,7.8
2021-12-30,368,94309,94298,342,64358,11,4218,3310499.0,9738.0,2906.0,10793.0,65.0,,303.0,45.0,2906.0,,,76.0,0.6,8.1
2021-12-31,354,94663,94652,759,64358,12,4230,3316279.0,5780.0,2906.0,10793.0,0.0,,302.0,53.0,2906.0,,,95.0,0.6,8.3
2022-01-01,322,94985,94974,759,65117,14,4244,3322059.0,5780.0,2502.0,10884.0,91.0,,305.0,42.0,2502.0,,,,1.9,9.3
2022-01-02,300,95285,95274,334,65451,11,4255,3324855.0,2796.0,2513.0,10912.0,28.0,,298.0,39.0,2513.0,,,,2.5,8.7
2022-01-03,293,95578,95567,318,65769,14,4269,3326427.0,1572.0,2693.0,10958.0,46.0,,283.0,43.0,2693.0,,,100.0,0.5,7.0
2022-01-04,285,95863,95852,322,66091,12,4281,3330739.0,4312.0,,10988.0,30.0,,301.0,45.0,2562.0,,,100.0,0.5,7.5
2022-01-05,291,96154,96143,307,66398,15,4296,3335409.0,4670.0,,11018.0,30.0,,288.0,36.0,2670.0,,,81.0,0.5,8.8
2022-01-06,286,96440,96429,311,66709,11,4307,3340718.0,5309.0,,11049.0,31.0,,270.0,39.0,2660.0,,,80.0,0.6,10.6
2022-01-07,274,96714,96703,297,67006,10,4317,3345834.0,5116.0,,11089.0,40.0,,288.0,41.0,2704.0,,,77.0,0.6,11.0
2022-01-08,252,96966,96955,303,67309,15,4332,3351071.0,5237.0,,11131.0,42.0,,256.0,35.0,2698.0,,,89.0,1.9,11.8
2022-01-09,231,97197,97186,284,67593,13,4345,3359003.0,7932.0,,11161.0,30.0,,246.0,26.0,2720.0,,,90.0,2.5,12.2
2022-01-10,225,97422,97411,289,67882,11,4356,3366935.0,7932.0,,11177.0,16.0,,264.0,32.0,2711.0,,,83.0,0.5,14.1
2022-01-11,236,97658,97647,291,68173,13,4369,3374866.0,7931.0,,11185.0,8.0,,251.0,37.0,2759.0,,,85.0,0.5,13.0
2022-01-12,245,97903,97892,301,68474,15,4384,3382797.0,7931.0,,11206.0,21.0,,249.0,31.0,2638.0,,,86.0,0.5,14.8
2022-01-13,251,98154,98143,315,68789,12,4396,3392048.0,9251.0,,11239.0,33.0,,275.0,41.0,2554.0,,,83.0,0.6,14.0
2022-01-14,242,98396,98385,309,69098,15,4411,3401239.0,9191.0,,11271.0,32.0,,274.0,41.0,2504.0,,,86.0,0.6,14.9
2022-01-15,249,98645,98634,377,69475,13,4424,3409595.0,8356.0,,11296.0,25.0,,278.0,41.0,2410.0,,,84.0,1.9,14.8
2022-01-16,237,98882,98871,340,69815,12,4436,3415801.0,6206.0,,11314.0,18.0,,279.0,31.0,2429.0,,,82.0,2.5,14.2
2022-01-17,230,99112,99101,316,70131,16,4452,3418593.0,2792.0,,11334.0,20.0,,275.0,37.0,2483.0,,,84.0,0.5,16.3
2022-01-18,237,99349,99338,329,70460,12,4464,3423245.0,4652.0,,11362.0,28.0,,272.0,41.0,2452.0,,,86.0,0.5,16.1
2022-01-19,249,99598,99587,343,70803,15,4479,3432172.0,8927.0,,11379.0,17.0,,273.0,43.0,2396.0,,,88.0,0.5,15.9
2022-01-20,240,99838,99827,357,71160,13,4492,3440972.0,8800.0,,11398.0,19.0,,266.0,39.0,2363.0,,,86.0,0.6,15.9
2022-01-21,251,100089,100078,338,71498,11,4503,3449896.0,8924.0,,11428.0,30.0,,232.0,43.0,2348.0,,,87.0,0.6,15.9
2022-01-22,258,100347,100336,359,71857,14,4517,3464095.0,14199.0,,11460.0,32.0,,232.0,43.0,2205.0,,,80.0,1.9,15.9
2022-01-23,248,100595,100584,291,72148,12,4529,3471733.0,7638.0,,11490.0,30.0,,244.0,44.0,2274.0,,,85.0,2.5,15.9
2022-01-24,242,100837,100826,302,72450,11,4540,3476702.0,4969.0,,11525.0,35.0,,261.0,41.0,2295.0,,,85.0,0.5,15.9
2022-01-25,261,101098,101087,366,72816,13,4553,3486256.0,9554.0,,11553.0,28.0,,252.0,38.0,2226.0,,,84.0,0.5,15.9
2022-01-26,315,101413,101402,349,73165,15,4568,3502404.0,16148.0,,11612.0,59.0,,256.0,45.0,2346.0,,,85.0,0.5,15.9
2022-01-27,344,101757,101746,377,73542,12,4580,3517980.0,15576.0,,11657.0,45.0,,261.0,49.0,2407.0,,,79.0,0.6,15.9
2022-01-28,511,102268,102257,386,73928,13,4593,3534881.0,16901.0,,11716.0,59.0,,258.0,52.0,2477.0,,,77.0,0.6,15.9
2022-01-29,387,102655,102644,427,74355,13,4606,3552567.0,17686.0,,11811.0,95.0,,270.0,51.0,2451.0,,,81.0,1.9,15.9
2022-01-30,579,103234,103223,422,74777,11,4617,3568597.0,16030.0,,11932.0,121.0,,271.0,50.0,2576.0,,,80.0,2.5,15.9
2022-01-31,604,103838,103827,331,75108,14,4631,3576927.0,8330.0,,12048.0,116.0,,270.0,54.0,2645.0,,,82.0,0.5,15.9
2022-02-01,745,104583,104572,395,75503,12,4643,3588550.0,11623.0,,12205.0,157.0,,247.0,45.0,2737.0,,,87.0,0.5,15.9
2022-02-02,996,105579,105568,341,75844,16,4659,3610221.0,21671.0,,12433.0,228.0,,252.0,36.0,2794.0,,,87.0,0.5,15.9
2022-02-03,1347,106926,106915,0,75844,14,4673,3628788.0,18567.0,,12740.0,307.0,,253.0,34.0,2937.0,,,89.0,0.6,15.9
2022-02-04,1874,108800,108789,737,76581,11,4684,3655527.0,26739.0,,13093.0,353.0,,253.0,38.0,3044.0,,,83.0,0.6,15.9
2022-02-05,2142,110942,110931,422,77003,13,4697,3677498.0,21971.0,,13577.0,484.0,,254.0,39.0,3092.0,,,90.0,1.9,15.9
2022-02-06,2743,113685,113674,306,77309,15,4712,3698532.0,21034.0,,14095.0,518.0,,252.0,41.0,3239.0,,,83.0,2.5,16.0
2022-02-07,3129,116814,116803,311,77620,12,4724,3710645.0,12113.0,,14250.0,155.0,,258.0,33.0,3360.0,,,87.0,0.5,16.0
2022-02-08,3214,120028,120017,418,78038,15,4739,3733095.0,22450.0,,15059.0,809.0,,277.0,25.0,3419.0,,,80.0,0.5,16.0
2022-02-09,3978,124006,123995,424,78462,7,4746,3751784.0,18689.0,,15840.0,781.0,,279.0,45.0,3526.0,,,84.0,0.5,16.0
2022-02-10,4394,128400,128389,487,78949,9,4755,3772183.0,20399.0,,16697.0,857.0,,290.0,53.0,3496.0,,,81.0,0.6,16.0
2022-02-11,4871,133271,133260,491,79440,6,4761,3792076.0,19893.0,,17565.0,868.0,,288.0,41.0,3610.0,,,88.0,0.6,16.0
2022-02-12,5122,138393,138382,487,79927,11,4772,3808401.0,16325.0,,18289.0,724.0,,288.0,44.0,3496.0,,,88.0,1.9,16.0
2022-02-13,5349,143742,143731,476,80403,15,4787,3821233.0,12832.0,,19108.0,819.0,,304.0,43.0,3605.0,,,87.0,2.5,16.0
2022-02-14,5824,149566,149555,404,80807,13,4800,3828021.0,6788.0,,20053.0,945.0,,316.0,49.0,3808.0,,,85.0,0.5,16.0
2022-02-15,5763,155329,155318,469,81276,15,4815,3838529.0,10508.0,,20892.0,839.0,,327.0,45.0,3832.0,,,83.0,0.5,16.0
2022-02-16,5428,160757,160746,672,81948,10,4825,3850110.0,11581.0,,21582.0,690.0,,368.0,38.0,3865.0,,,84.0,0.5,16.0
2022-02-17,5043,165800,165789,704,82652,13,4838,3862804.0,12694.0,,22110.0,528.0,,322.0,48.0,3867.0,,,88.0,0.6,16.0
2022-02-18,5319,171119,171108,788,83440,15,4853,3875935.0,13131.0,,22907.0,797.0,,328.0,48.0,3817.0,,,85.0,0.6,16.0
2022-02-19,5483,176602,176591,804,84244,9,4862,3887663.0,11728.0,,23960.0,1053.0,,348.0,47.0,3698.0,,,89.0,1.9,16.0
2022-02-20,5205,181807,181796,422,84666,13,4875,3895738.0,8075.0,,24862.0,902.0,,323.0,39.0,3774.0,,,80.0,2.5,16.0
2022-02-21,5001,186808,186797,415,85081,10,4885,3899573.0,3835.0,,25882.0,1020.0,,307.0,42.0,3879.0,,,84.0,0.5,16.0
2022-02-22,5128,191936,191925,763,85844,16,4901,3909377.0,9804.0,,27103.0,1221.0,,317.0,34.0,3723.0,,,85.0,0.5,16.0
2022-02-23,4841,196777,196766,784,86628,14,4915,3921172.0,11795.0,,27187.0,84.0,,315.0,40.0,3828.0,,,88.0,0.5,16.0
2022-02-24,4529,201306,201295,917,87545,17,4932,3930713.0,9541.0,,28964.0,1777.0,,342.0,48.0,3819.0,,,90.0,0.6,16.0
2022-02-25,4796,206102,206091,5377,92922,13,4945,3940370.0,9657.0,,29591.0,627.0,,335.0,46.0,3717.0,,,88.0,0.6,16.0
2022-02-26,4432,210534,210523,5482,98404,15,4960,3948262.0,7892.0,,30157.0,566.0,,310.0,49.0,3561.0,,,88.0,1.9,16.0
2022-02-27,4208,214742,214731,3218,101622,13,4973,3954180.0,5918.0,,30732.0,575.0,,316.0,48.0,3592.0,,,84.0,2.5,16.0
2022-02-28,4047,218789,218778,3707,105329,16,4989,3960064.0,5884.0,,31232.0,500.0,,312.0,45.0,3617.0,,,87.0,0.5,16.0
2022-03-01,3591,222380,222369,6619,111948,16,5005,3968536.0,8472.0,,31720.0,488.0,,316.0,32.0,3617.0,,,90.0,0.5,16.0
2022-03-02,2912,225292,225281,8300,120248,13,5018,3978458.0,9922.0,,32112.0,392.0,90.0,305.0,39.0,3367.0,,,86.0,0.5,16.0
2022-03-03,2573,227865,227854,8794,129042,16,5034,3986458.0,8000.0,,32495.0,383.0,88.0,304.0,46.0,3247.0,,,91.0,0.6,16.0
2022-03-04,2416,230281,230270,9745,138787,12,5046,3996958.0,10500.0,,32848.0,353.0,91.0,299.0,48.0,3121.0,,,84.0,0.6,16.0
2022-03-05,2131,232412,232401,10572,149359,14,5060,4007368.0,10410.0,,33270.0,422.0,83.0,296.0,54.0,2961.0,,,88.0,1.9,16.0
2022-03-06,2008,234420,234409,10312,159671,11,5071,4011888.0,4520.0,,33623.0,353.0,80.0,297.0,58.0,2728.0,,,94.0,2.5,16.0
2022-03-07,1976,236396,236385,7009,166680,15,5086,4017213.0,5325.0,,33821.0,198.0,86.0,279.0,56.0,2697.0,,,88.0,0.5,16.0
2022-03-08,2057,238453,238442,8463,175143,13,5099,4019267.0,2054.0,,34236.0,415.0,91.0,270.0,48.0,2699.0,,,80.0,0.5,16.0
2022-03-09,1935,240388,240377,2784,177927,16,5115,4024422.0,5155.0,,34542.0,306.0,110.0,270.0,48.0,2766.0,,,89.0,0.5,16.0
2022-03-10,1302,241690,241679,12351,190278,12,5127,4031407.0,6985.0,,34753.0,211.0,65.0,267.0,41.0,2552.0,,,91.0,0.6,16.0
2022-03-11,1139,242829,242818,10113,200391,14,5141,4040064.0,8657.0,,34966.0,213.0,55.0,260.0,31.0,2300.0,,,82.0,0.6,16.0
2022-03-12,987,243816,243805,15469,215860,14,5155,4047734.0,7670.0,,35191.0,225.0,41.0,263.0,35.0,2083.0,,,93.0,1.9,16.0
2022-03-13,871,244687,244676,5429,221289,16,5171,4050335.0,2601.0,,35303.0,112.0,44.0,260.0,36.0,2060.0,,,90.0,2.5,16.0
2022-03-14,690,245377,245366,2112,223401,11,5182,4056051.0,5716.0,,35423.0,120.0,29.0,233.0,29.0,1997.0,,,83.0,0.5,16.0
2022-03-15,613,245990,245979,1081,224482,12,5194,4062621.0,6570.0,,35498.0,75.0,46.0,215.0,27.0,1974.0,,,80.0,0.5,16.0
2022-03-16,529,246519,246508,905,225387,14,5208,4070495.0,7874.0,,35498.0,0.0,45.0,212.0,33.0,1816.0,,,79.0,0.5,16.0
2022-03-17,458,246977,246966,346,225733,12,5220,4078117.0,7622.0,,35610.0,112.0,38.0,201.0,38.0,1711.0,,,95.0,0.6,16.0
2022-03-18,407,247384,247373,320,226053,10,5230,4087499.0,9382.0,,35710.0,100.0,43.0,200.0,27.0,1666.0,,,86.0,0.6,16.0
2022-03-19,383,247767,247756,344,226397,11,5241,4095031.0,7532.0,,35904.0,194.0,44.0,187.0,21.0,1489.0,,,93.0,1.9,16.0
2022-03-20,306,248073,248062,409,226806,12,5253,4097636.0,2605.0,,35961.0,57.0,41.0,189.0,20.0,1498.0,,,72.0,2.5,16.0
2022-03-21,294,248367,248356,388,227194,9,5262,4104010.0,6374.0,,36022.0,61.0,44.0,192.0,19.0,1513.0,,,98.0,0.5,16.0
2022-03-22,328,248695,248684,406,227600,11,5273,4111463.0,7453.0,,36066.0,44.0,43.0,190.0,23.0,1399.0,,,90.0,0.5,16.0
2022-03-23,302,248997,248986,360,227960,12,5285,4120344.0,8881.0,,36084.0,18.0,47.0,192.0,20.0,1283.0,,,89.0,0.5,16.0
2022-03-24,293,249290,249279,311,228271,12,5297,4127230.0,6886.0,,36100.0,16.0,43.0,182.0,23.0,1218.0,,,90.0,0.6,16.0
2022-03-25,287,249577,249566,335,228606,9,5306,4134218.0,6988.0,,36199.0,99.0,45.0,172.0,22.0,1167.0,,,89.0,0.6,16.0
2022-03-26,279,249856,249845,487,229093,10,5316,4136987.0,2769.0,,36134.0,-65.0,43.0,160.0,24.0,1086.0,,,92.0,1.9,16.0
2022-03-27,268,250124,250113,300,229393,9,5325,4138827.0,1840.0,,36150.0,16.0,42.0,159.0,21.0,1087.0,,,100.0,2.5,16.0
2022-03-28,265,250389,250378,319,229712,11,5336,4143775.0,4948.0,,36166.0,16.0,33.0,164.0,22.0,1045.0,,,92.0,0.5,16.0
2022-03-29,257,250646,250635,428,230140,13,5349,4148275.0,4500.0,,36225.0,59.0,30.0,157.0,20.0,1046.0,,,90.0,0.5,16.0
2022-03-30,251,250897,250886,504,230644,10,5359,4153795.0,5520.0,,36354.0,129.0,38.0,156.0,19.0,1046.0,,,83.0,0.5,16.0
2022-03-31,219,251116,251105,780,231424,14,5373,4157920.0,4125.0,,36383.0,29.0,40.0,158.0,20.0,1045.0,,,94.0,0.6,16.0
2022-04-01,288,251404,251393,766,232190,10,5383,4163311.0,5391.0,,36403.0,20.0,32.0,150.0,17.0,1015.0,,,90.0,0.6,16.0
2022-04-02,236,251640,251629,811,233001,11,5394,4165561.0,2250.0,,36433.0,30.0,18.0,153.0,20.0,974.0,,,90.0,1.9,16.0
2022-04-03,233,251873,251862,1312,234313,9,5403,4170348.0,4787.0,,36476.0,43.0,19.0,146.0,17.0,988.0,,,91.0,2.5,16.0
2022-04-04,223,252096,252085,1873,236186,12,5415,4185861.0,15513.0,,36583.0,107.0,15.0,148.0,22.0,985.0,,,88.0,0.5,16.0
2022-04-05,223,252319,252308,1873,238059,11,5426,4185861.0,0.0,,36583.0,0.0,15.0,148.0,22.0,985.0,,,95.0,0.5,16.0
2022-04-06,216,252535,252524,1621,239680,10,5436,4185861.0,0.0,,36612.0,29.0,11.0,136.0,20.0,911.0,,,93.0,0.5,16.0
2022-04-07,209,252733,252733,1693,241373,12,5448,4204371.0,18510.0,,36655.0,43.0,13.0,117.0,15.0,895.0,,,93.0,0.6,16.0
2022-04-08,214,252947,252947,1769,243142,9,5457,4213614.0,9243.0,,36698.0,43.0,11.0,109.0,21.0,864.0,,,93.0,0.6,16.0
2022-04-09,194,253141,253141,1591,244733,9,5466,4222479.0,8865.0,,36729.0,31.0,11.0,118.0,17.0,777.0,,,96.0,1.9,16.0
2022-04-10,191,253332,253332,213,244946,61,5477,4230345.0,7866.0,,36769.0,40.0,12.0,118.0,20.0,766.0,,,93.0,2.5,16.0
2022-04-11,186,253518,253518,228,245174,60,5489,4237205.0,6860.0,,36805.0,36.0,7.0,122.0,17.0,781.0,,,89.0,0.5,16.0
2022-04-12,190,253708,253708,293,245467,10,5499,4244946.0,7741.0,,36844.0,39.0,7.0,116.0,14.0,791.0,,,90.0,0.5,16.0
2022-04-13,179,253887,253887,339,245806,9,5508,4253811.0,8865.0,,36899.0,55.0,8.0,115.0,19.0,763.0,,,96.0,0.5,16.0
2022-04-14,170,254057,254057,307,246113,10,5518,4262618.0,8807.0,,36945.0,46.0,7.0,107.0,15.0,731.0,,,90.0,0.6,16.0
2022-04-15,165,254222,254222,244,246357,49,5529,4271625.0,9007.0,,36999.0,54.0,7.0,100.0,16.0,709.0,,,90.0,0.6,16.0
2022-04-16,163,254385,254385,297,246654,10,5539,4280156.0,8531.0,,37014.0,15.0,6.0,112.0,13.0,701.0,,,91.0,1.9,16.0
2022-04-17,157,254542,254542,288,246942,8,5547,4288138.0,7982.0,,37059.0,45.0,7.0,88.0,12.0,689.0,,,88.0,2.5,16.0
2022-04-18,152,254694,254694,280,247222,10,5557,4295066.0,6928.0,,37078.0,19.0,9.0,109.0,17.0,690.0,,,90.0,0.5,16.0
2022-04-19,154,254848,254848,366,247588,7,5564,4299966.0,4900.0,,37094.0,16.0,7.0,104.0,16.0,675.0,,,81.0,0.5,16.0
2022-04-20,149,254997,254997,372,247960,9,5573,4307025.0,7059.0,,37118.0,24.0,9.0,98.0,13.0,639.0,,,92.0,0.5,16.0
2022-04-21,141,255138,255138,191,248151,8,5581,4313916.0,6891.0,,37155.0,37.0,7.0,103.0,11.0,620.0,,,92.0,0.6,16.0
2022-04-22,133,255271,255271,155,248306,6,5587,4320956.0,7040.0,,37175.0,20.0,6.0,102.0,12.0,630.0,,,93.0,0.6,16.0
2022-04-23,125,255396,255396,142,248448,8,5595,4327233.0,6277.0,,37181.0,6.0,6.0,102.0,12.0,630.0,,,91.0,1.9,16.0
2022-04-24,119,255515,255515,126,248574,7,5602,4332983.0,5750.0,,37205.0,24.0,6.0,84.0,15.0,592.0,,,100.0,2.5,16.0
2022-04-25,114,255629,255629,108,248682,6,5608,4338277.0,5294.0,,37217.0,12.0,6.0,78.0,16.0,593.0,,,92.0,0.5,16.0
2022-04-26,115,255745,255744,95,248777,5,5613,4344151.0,5874.0,,37233.0,16.0,5.0,85.0,15.0,594.0,,,85.0,0.5,16.0
2022-04-27,116,255858,255860,115,248892,2,5615,4351003.0,6852.0,,37257.0,24.0,5.0,78.0,10.0,640.0,,,87.0,0.5,16.0
2022-04-28,117,255969,255977,114,249006,3,5618,4357872.0,6869.0,,37275.0,18.0,8.0,74.0,12.0,567.0,,,90.0,0.6,16.0
2022-04-29,118,256084,256095,117,249123,2,5620,4365619.0,7747.0,,37293.0,18.0,7.0,71.0,13.0,595.0,,,90.0,0.6,16.0
2022-04-30,110,256194,256205,112,249235,3,5623,4372945.0,7326.0,,38011.0,718.0,7.0,81.0,15.0,601.0,,,84.0,1.9,16.0
2022-05-01,106,256300,256311,97,249332,2,5625,4379495.0,6550.0,,38029.0,18.0,7.0,70.0,12.0,599.0,,,92.0,2.5,16.0
2022-05-02,103,256403,256414,104,249436,2,5627,4384373.0,4878.0,,38056.0,27.0,7.0,71.0,13.0,599.0,,,100.0,0.5,16.0
2022-05-03,107,256510,256521,108,249544,2,5629,4389395.0,5022.0,,38056.0,0.0,7.0,63.0,16.0,594.0,,,85.0,0.5,16.0
2022-05-04,100,256610,256621,94,249638,2,5631,4394157.0,4762.0,,,,,65.0,16.0,621.0,,,87.0,0.5,16.0
2022-05-05,100,256710,256621,71,249709,0,5631,4400415.0,6258.0,,,,,64.0,16.0,610.0,,,90.0,0.6,16.0
2022-05-06,85,256795,256806,102,249811,4,5635,4406674.0,6259.0,,38113.0,,9.0,63.0,17.0,605.0,,,90.0,0.6,16.0
2022-05-07,84,256879,256890,109,249920,2,5637,4413202.0,6528.0,,38118.0,5.0,9.0,73.0,15.0,552.0,,,84.0,1.9,16.0
2022-05-08,81,256960,256971,98,250018,2,5639,4419011.0,5809.0,,38139.0,21.0,9.0,68.0,15.0,549.0,,,92.0,2.5,16.0
2022-05-09,82,257042,257053,92,250110,1,5640,,,,,,,,,,,,,0.5,16.0
2022-05-10,82,257124,257135,84,250194,1,5641,,,,,,,,,,,,,0.5,16.0
2022-05-11,82,257206,257217,88,250282,1,5642,,,,,,,,,,,,,0.5,16.0
2022-05-12,81,257287,257298,83,250365,1,5643,4439045.0,,,38207.0,,4.0,79.0,15.0,585.0,,,,0.6,16.0
2022-05-13,81,257368,257379,117,250482,1,5644,4445633.0,6588.0,,38229.0,22.0,5.0,67.0,19.0,589.0,,,,0.6,16.0
2022-05-14,77,257445,257456,145,250627,1,5645,4452018.0,6385.0,,38341.0,112.0,5.0,70.0,18.0,588.0,,,,1.9,16.0
2022-05-15,78,257519,257534,81,250708,1,5646,4457208.0,5190.0,,38259.0,-82.0,6.0,70.0,17.0,590.0,,,,2.5,16.0
2022-05-16,79,257594,257613,77,250785,1,5647,4461272.0,4064.0,,38269.0,10.0,6.0,71.0,17.0,579.0,,,,0.5,16.0
2022-05-17,80,257673,257693,91,250876,1,5648,4466681.0,5409.0,,38276.0,7.0,6.0,70.0,16.0,603.0,,,,0.5,16.0
2022-05-18,81,257745,257774,85,250961,1,5649,4472795.0,6114.0,,38289.0,13.0,6.0,75.0,16.0,635.0,,,,0.5,16.0
2022-05-19,82,257813,257856,93,251054,1,5650,4479048.0,6253.0,,38300.0,11.0,5.0,72.0,14.0,644.0,,,,0.6,16.0
2022-05-20,83,257883,257939,84,251138,1,5651,4485021.0,5973.0,,38315.0,15.0,2.0,67.0,10.0,640.0,,,,0.6,16.0
2022-05-21,84,257950,258023,79,251217,1,5652,4491082.0,6061.0,,38322.0,7.0,2.0,70.0,8.0,649.0,,,,1.9,16.0
2022-05-22,65,258015,258088,81,251298,1,5653,4495224.0,4142.0,,,,,,,,,,,2.5,16.0
2022-05-23,60,258075,258148,81,251379,1,5654,4500476.0,5252.0,,38348.0,,3.0,76.0,10.0,685.0,,,,0.5,16.0
2022-05-24,63,258138,258211,34,251413,2,5656,4505891.0,5415.0,,38354.0,6.0,3.0,75.0,6.0,692.0,,,,0.5,16.0
2022-05-25,59,258197,258270,60,251473,1,5657,4511698.0,5807.0,,38362.0,8.0,4.0,78.0,7.0,721.0,,,,0.5,16.0
2022-05-26,62,258259,258332,63,251536,1,5658,4517197.0,5499.0,,38370.0,8.0,4.0,79.0,10.0,722.0,,,,0.6,16.0
2022-05-27,60,258319,258392,67,251603,1,5659,4522705.0,5508.0,,38383.0,13.0,4.0,79.0,7.0,701.0,,,,0.6,16.0
2022-05-28,57,258376,258449,70,251673,1,5660,4527960.0,5255.0,,38392.0,9.0,4.0,76.0,8.0,686.0,,,,1.9,16.0
2022-05-29,55,258431,258504,72,251745,1,5661,4532681.0,4721.0,,38401.0,9.0,3.0,82.0,11.0,709.0,,,,2.5,16.0
2022-05-30,52,258483,258556,63,251808,1,5662,4535705.0,3024.0,,38403.0,2.0,5.0,87.0,12.0,671.0,,,,0.5,16.0
2022-05-31,56,258539,258612,68,251876,3,5665,4542235.0,6530.0,,38413.0,10.0,5.0,94.0,15.0,676.0,,,,0.5,16.0
2022-06-01,58,258597,258670,74,251950,4,5669,4548093.0,5858.0,,38421.0,8.0,,97.0,14.0,655.0,,,,0.5,16.0
2022-06-02,55,258652,258725,68,252018,1,5670,4553835.0,5742.0,,38429.0,8.0,,93.0,12.0,649.0,,,,0.6,16.0
2022-06-03,57,258709,258782,75,252093,0,5670,4559459.0,5624.0,,38445.0,16.0,,91.0,17.0,688.0,,,,0.6,16.0
2022-06-04,54,258763,258836,63,252156,1,5671,4564817.0,5358.0,703.0,38449.0,,,89.0,19.0,,,,,1.9,16.0
2022-06-05,52,258815,258888,59,252215,2,5673,4569474.0,4657.0,674.0,38450.0,,2.0,90.0,17.0,674.0,,,,2.5,16.0
2022-06-06,50,258855,258938,61,252276,1,5674,4573447.0,3973.0,,38458.0,8.0,,87.0,17.0,637.0,,,,0.5,16.0
2022-06-07,63,258918,259001,64,252340,2,5676,4578319.0,4872.0,655.0,38466.0,8.0,2.0,88.0,16.0,657.0,,,,0.5,16.0
2022-06-13,331,259249,259332,519,252859,2,5678,4605381.0,27062.0,622.0,38531.0,65.0,1.0,77.0,9.0,623.0,,,,0.5,16.0
2022-06-14,54,259303,259386,58,252917,1,5679,4608826.0,3445.0,606.0,38540.0,9.0,2.0,74.0,16.0,608.0,,,,0.6,16.0
2022-06-15,55,259358,259441,21,252938,0,5679,4613465.0,4639.0,649.0,38554.0,14.0,3.0,76.0,15.0,652.0,,,,0.6,16.0
2022-06-16,58,259416,259499,36,252974,1,5680,4618317.0,4852.0,640.0,38565.0,11.0,3.0,60.0,14.0,643.0,,,,1.9,16.0
2022-06-18,115,259531,259614,65,253039,0,5680,4627351.0,9034.0,616.0,38586.0,21.0,3.0,53.0,10.0,619.0,,,,2.5,16.0
2022-06-19,53,259584,259667,48,253087,1,5681,4631227.0,3876.0,610.0,38605.0,19.0,3.0,54.0,9.0,613.0,,,,0.5,16.0
2022-06-20,50,259634,259717,54,253141,0,5681,4634637.0,3410.0,635.0,38626.0,21.0,4.0,56.0,10.0,639.0,,,,0.5,16.0
2022-06-21,53,259687,259770,51,253192,0,5681,4640341.0,5704.0,632.0,38636.0,10.0,4.0,64.0,10.0,636.0,,,,0.5,16.0
2022-06-23,114,259801,259884,100,253292,1,5682,4653713.0,13372.0,593.0,38660.0,24.0,3.0,56.0,9.0,596.0,,,,0.6,16.0
2022-06-24,52,259853,259936,58,253350,1,5683,4658992.0,5279.0,538.0,38678.0,18.0,4.0,55.0,7.0,542.0,,,,0.6,16.0
2022-06-26,102,259955,260038,117,253467,0,5683,4670696.0,11704.0,507.0,38696.0,18.0,4.0,42.0,8.0,511.0,,,,1.9,16.0
2022-06-27,49,260004,260087,57,253524,1,5684,4676019.0,5323.0,486.0,38704.0,8.0,6.0,40.0,6.0,492.0,,,,2.5,16.0
2022-06-28,54,260058,260141,64,253587,0,5684,4681965.0,5946.0,467.0,38712.0,8.0,,41.0,9.0,467.0,,,,0.5,16.0
2022-06-29,52,260110,260193,60,253647,1,5685,4688046.0,6081.0,,,,,,,,,,,0.5,16.0
2022-06-30,52,260162,260245,60,253707,1,5686,4694127.0,6081.0,,,,,,,,,,,0.5,16.0
2022-07-01,50,260212,260295,57,253764,0,5686,4700208.0,6081.0,405.0,38736.0,10.0,4.0,33.0,4.0,,,,,0.6,16.0
2022-07-02,52,260264,260347,59,253823,0,5686,4706133.0,5925.0,396.0,38747.0,11.0,4.0,32.0,3.0,,,,,0.6,16.0
2022-07-03,49,260313,260396,53,253876,1,5687,4711897.0,5764.0,387.0,38759.0,55.0,3.0,29.0,3.0,390.0,,,,1.9,16.0
2022-07-04,47,260360,260443,109,253932,0,5687,4717237.0,5340.0,,,,,,,,,,,2.5,16.0
2022-07-05,52,260412,260495,64,253996,1,5688,4722578.0,5341.0,379.0,38790.0,8.0,6.0,29.0,5.0,,,,,0.5,16.0
2022-07-06,48,260460,260543,57,254053,0,5688,4728528.0,5950.0,,,,,,,,,,,0.5,16.0
2022-07-07,50,260510,260593,66,254119,1,5689,4734479.0,5951.0,370.0,38805.0,7.0,2.0,25.0,4.0,,,,,0.5,16.0
