date,cum_diagnoses,cum_deaths,cum_recoveries,cum_tests,new_tests,new_diagnoses,new_recoveries,new_deaths
2020-03-29,3,,,,,3,,
2020-03-30,3,,,,,0,,
2020-03-31,3,,,,,0,,
2020-04-01,7,,,,,4,,
2020-04-02,9,,,,,2,,
2020-04-03,9,,,,,0,,
2020-04-04,10,,,,,1,,
2020-04-05,10,,,,,0,,
2020-04-06,10,,,,,0,,
2020-04-07,14,,,,,4,,
2020-04-08,15,,,,,1,,
2020-04-09,15,,,,,0,,
2020-04-10,17,,3.0,,,2,,
2020-04-11,17,,3.0,,,0,0.0,
2020-04-12,19,,5.0,,,2,2.0,
2020-04-13,20,,5.0,,,1,0.0,
2020-04-14,20,,6.0,,,0,1.0,
2020-04-15,22,,9.0,,,2,3.0,
2020-04-16,23,,9.0,,,1,0.0,
2020-04-17,26,,9.0,,,3,0.0,
2020-04-18,31,,13.0,,,5,,
2020-04-19,33,,14.0,,,2,1.0,
2020-04-20,36,,16.0,,,3,2.0,
2020-04-21,41,,16.0,,,5,0.0,
2020-04-22,45,,17.0,,,4,1.0,
2020-04-23,53,,19.0,,,8,2.0,
2020-04-24,54,,19.0,,,1,0.0,
2020-04-25,58,1.0,19.0,,,4,0.0,
2020-04-26,62,2.0,20.0,,,4,1.0,1.0
2020-04-27,71,1.0,20.0,,,9,0.0,-1.0
2020-04-28,82,1.0,21.0,,,11,1.0,0.0
2020-04-29,87,2.0,22.0,,,5,1.0,1.0
2020-04-30,97,3.0,24.0,,,10,2.0,1.0
2020-05-01,107,3.0,26.0,,,10,2.0,0.0
2020-05-02,116,3.0,26.0,,,9,0.0,0.0
2020-05-03,127,3.0,27.0,60512.0,,11,1.0,0.0
2020-05-04,161,3.0,31.0,62513.0,2001.0,34,4.0,0.0
2020-05-05,191,3.0,39.0,64515.0,2002.0,30,8.0,0.0
2020-05-06,197,3.0,40.0,66518.0,2003.0,6,1.0,0.0
2020-05-07,208,4.0,46.0,68522.0,2004.0,11,6.0,1.0
2020-05-08,223,6.0,46.0,70527.0,2005.0,15,0.0,2.0
2020-05-09,245,6.0,54.0,72533.0,2006.0,22,8.0,0.0
2020-05-10,279,6.0,54.0,74540.0,2007.0,34,0.0,0.0
2020-05-11,302,7.0,58.0,76548.0,2008.0,23,4.0,1.0
2020-05-12,332,7.0,59.0,78557.0,2009.0,30,1.0,0.0
2020-05-13,355,7.0,68.0,80567.0,2010.0,23,9.0,0.0
2020-05-14,389,7.0,70.0,82578.0,2011.0,34,2.0,0.0
2020-05-15,436,7.0,74.0,84590.0,2012.0,47,4.0,0.0
2020-05-16,476,7.0,88.0,86603.0,2013.0,40,14.0,0.0
2020-05-17,534,7.0,88.0,88617.0,2014.0,58,0.0,0.0
2020-05-18,599,7.0,91.0,90632.0,2015.0,65,3.0,0.0
2020-05-19,652,7.0,104.0,92648.0,2016.0,53,13.0,0.0
2020-05-20,717,7.0,115.0,94665.0,2017.0,65,11.0,0.0
2020-05-21,764,7.0,120.0,96683.0,2018.0,47,5.0,0.0
2020-05-22,838,7.0,131.0,98702.0,2019.0,74,11.0,0.0
2020-05-23,925,16.0,192.0,100722.0,2020.0,87,61.0,9.0
2020-05-24,985,18.0,228.0,102743.0,2021.0,60,36.0,2.0
2020-05-25,1044,18.0,228.0,105302.0,2559.0,59,0.0,0.0
2020-05-26,1097,18.0,265.0,106977.0,1675.0,53,37.0,0.0
2020-05-27,1139,18.0,288.0,110386.0,3409.0,42,23.0,0.0
2020-05-28,1226,18.0,301.0,113414.0,3028.0,87,13.0,0.0
2020-05-29,1268,18.0,313.0,117805.0,4391.0,42,12.0,0.0
2020-05-30,1318,18.0,340.0,121767.0,3962.0,50,27.0,0.0
2020-05-31,1387,18.0,349.0,125353.0,3586.0,69,9.0,0.0
2020-06-01,1411,18.0,359.0,127864.0,2511.0,24,10.0,0.0
2020-06-02,1437,18.0,386.0,129169.0,1305.0,26,27.0,0.0
2020-06-03,1482,18.0,437.0,131964.0,2795.0,45,51.0,0.0
2020-06-04,1540,18.0,566.0,133985.0,2021.0,58,129.0,0.0
2020-06-05,1595,18.0,605.0,136324.0,2339.0,55,39.0,0.0
2020-06-06,1676,18.0,664.0,138548.0,2224.0,81,59.0,0.0
2020-06-07,1718,18.0,684.0,141325.0,2777.0,42,20.0,0.0
2020-06-08,1776,18.0,689.0,143039.0,1714.0,58,5.0,0.0
2020-06-09,1851,18.0,758.0,144110.0,1071.0,75,69.0,0.0
2020-06-10,1930,18.0,968.0,146399.0,2289.0,79,210.0,0.0
2020-06-11,1977,23.0,1098.0,148777.0,2378.0,47,130.0,5.0
2020-06-12,2063,23.0,1189.0,150951.0,2174.0,86,91.0,0.0
2020-06-13,2148,23.0,1213.0,153900.0,2949.0,85,24.0,0.0
2020-06-14,2247,23.0,1218.0,154669.0,769.0,99,5.0,0.0
2020-06-15,2340,23.0,1226.0,156009.0,1340.0,93,8.0,0.0
2020-06-16,2437,24.0,1281.0,157442.0,1433.0,97,55.0,1.0
2020-06-17,2535,24.0,1335.0,159697.0,2255.0,98,54.0,0.0
2020-06-18,2624,24.0,1504.0,162720.0,3023.0,89,169.0,0.0
2020-06-19,2727,24.0,1558.0,165826.0,3106.0,103,54.0,0.0
2020-06-20,2821,25.0,1602.0,168649.0,2823.0,94,44.0,1.0
2020-06-21,2920,25.0,1638.0,172588.0,3939.0,99,36.0,0.0
2020-06-22,3018,25.0,1660.0,175943.0,3355.0,98,22.0,0.0
2020-06-23,3100,27.0,1767.0,177435.0,1492.0,82,107.0,2.0
2020-06-24,3184,27.0,1814.0,181312.0,3877.0,84,47.0,0.0
2020-06-25,3236,27.0,1851.0,185352.0,4040.0,52,37.0,0.0
2020-06-26,3297,27.0,1910.0,186652.0,1300.0,61,59.0,0.0
2020-06-27,3372,27.0,1955.0,190285.0,3633.0,75,45.0,0.0
2020-06-28,3455,27.0,1976.0,194313.0,4028.0,83,21.0,0.0
2020-06-29,3533,30.0,1984.0,197276.0,2963.0,78,8.0,3.0
2020-06-30,3615,30.0,2005.0,199144.0,1868.0,82,21.0,0.0
2020-07-01,3701,30.0,2023.0,203018.0,3874.0,86,18.0,0.0
2020-07-02,3780,30.0,2028.0,206658.0,3640.0,79,5.0,0.0
2020-07-03,3863,30.0,2079.0,209107.0,2449.0,83,51.0,0.0
2020-07-04,3950,30.0,2157.0,211952.0,2845.0,87,78.0,0.0
2020-07-05,4036,33.0,2173.0,214798.0,2846.0,86,16.0,3.0
2020-07-06,4120,35.0,2209.0,217645.0,2847.0,84,36.0,2.0
2020-07-07,4202,37.0,2322.0,220493.0,2848.0,82,113.0,2.0
2020-07-08,4285,38.0,2394.0,223342.0,2849.0,83,72.0,1.0
2020-07-09,4374,38.0,2512.0,226192.0,2850.0,89,118.0,0.0
2020-07-10,4469,40.0,2581.0,229043.0,2851.0,95,69.0,2.0
2020-07-11,4563,40.0,2626.0,231895.0,2852.0,94,45.0,0.0
2020-07-12,4656,40.0,2649.0,234748.0,2853.0,93,23.0,0.0
2020-07-13,4751,40.0,2697.0,237602.0,2854.0,95,48.0,0.0
2020-07-14,4844,42.0,2756.0,240457.0,2855.0,93,59.0,2.0
2020-07-15,4949,44.0,2849.0,243313.0,2856.0,105,93.0,2.0
2020-07-16,5066,46.0,2901.0,246170.0,2857.0,117,52.0,2.0
2020-07-17,5172,47.0,2972.0,249028.0,2858.0,106,71.0,1.0
2020-07-18,5286,50.0,3095.0,251887.0,2859.0,114,123.0,3.0
2020-07-19,5395,50.0,3141.0,254747.0,2860.0,109,46.0,0.0
2020-07-20,5503,52.0,3182.0,257279.0,2532.0,108,41.0,2.0
2020-07-21,5607,54.0,3290.0,259442.0,2163.0,104,108.0,2.0
2020-07-22,5725,54.0,3420.0,262559.0,3117.0,118,130.0,0.0
2020-07-23,5854,56.0,3572.0,266110.0,3551.0,129,152.0,2.0
2020-07-24,5969,56.0,3707.0,268959.0,2849.0,115,135.0,0.0
2020-07-25,6077,60.0,3967.0,272678.0,3719.0,108,260.0,4.0
2020-07-26,6184,62.0,3969.0,276398.0,3720.0,107,2.0,2.0
2020-07-27,6298,62.0,3972.0,280119.0,3721.0,114,3.0,0.0
2020-07-28,6413,62.0,4003.0,281973.0,1854.0,115,31.0,0.0
2020-07-29,6524,64.0,4042.0,285387.0,3414.0,111,39.0,2.0
2020-07-30,6643,68.0,4176.0,288640.0,3253.0,119,134.0,4.0
2020-07-31,6768,68.0,4300.0,292686.0,4046.0,125,124.0,0.0
2020-08-01,6882,68.0,4444.0,295184.0,2498.0,114,144.0,0.0
2020-08-02,6990,68.0,4450.0,299007.0,3823.0,108,6.0,0.0
2020-08-03,7102,71.0,4517.0,301545.0,2538.0,112,67.0,3.0
2020-08-04,7209,76.0,4678.0,302632.0,1087.0,107,161.0,5.0
2020-08-05,7318,79.0,4897.0,305382.0,2750.0,109,219.0,3.0
2020-08-06,7424,79.0,5141.0,311341.0,5959.0,106,244.0,0.0
2020-08-07,7531,82.0,5282.0,312353.0,1012.0,107,141.0,3.0
2020-08-08,7636,85.0,5374.0,314520.0,2167.0,105,92.0,3.0
2020-08-09,7748,88.0,5392.0,317175.0,2655.0,112,18.0,3.0
2020-08-10,7856,92.0,5410.0,319637.0,2462.0,108,18.0,4.0
2020-08-11,7961,94.0,5592.0,322190.0,2553.0,105,182.0,2.0
2020-08-12,8067,101.0,5724.0,325773.0,3583.0,106,132.0,7.0
2020-08-13,8175,106.0,5913.0,329175.0,3402.0,108,189.0,5.0
2020-08-14,8281,111.0,6024.0,369178.0,40003.0,106,111.0,5.0
2020-08-15,8388,116.0,6164.0,372099.0,2921.0,107,140.0,5.0
2020-08-16,8491,122.0,6222.0,376454.0,4355.0,103,58.0,6.0
2020-08-17,8590,122.0,6265.0,378140.0,1686.0,99,43.0,0.0
2020-08-18,8684,130.0,6371.0,380494.0,2354.0,94,106.0,8.0
2020-08-19,8776,136.0,6541.0,382771.0,2277.0,92,170.0,6.0
2020-08-20,8839,141.0,6696.0,386622.0,3851.0,63,155.0,5.0
2020-08-21,8893,145.0,6800.0,390474.0,3852.0,54,104.0,4.0
2020-08-22,8950,150.0,6930.0,397593.0,7119.0,57,130.0,5.0
2020-08-23,8999,155.0,6937.0,401690.0,4097.0,49,7.0,5.0
2020-08-24,9043,159.0,6966.0,404172.0,2482.0,44,29.0,4.0
2020-08-25,9070,163.0,7042.0,404910.0,738.0,27,76.0,4.0
2020-08-26,9085,167.0,7143.0,407309.0,2399.0,15,101.0,4.0
2020-08-27,9115,171.0,7240.0,410221.0,2912.0,30,97.0,4.0
2020-08-28,9154,175.0,7356.0,413134.0,2913.0,39,116.0,4.0
2020-08-29,9197,180.0,7438.0,419602.0,6468.0,43,82.0,5.0
2020-08-30,9241,180.0,7444.0,423490.0,3888.0,44,6.0,0.0
2020-08-31,9282,187.0,7444.0,425041.0,1551.0,41,0.0,7.0
2020-09-01,9324,193.0,7627.0,425860.0,819.0,42,183.0,6.0
2020-09-02,9369,198.0,7766.0,428919.0,3059.0,45,139.0,5.0
2020-09-03,9412,203.0,7877.0,431249.0,2330.0,43,111.0,5.0
2020-09-04,9458,207.0,7930.0,434282.0,3033.0,46,53.0,4.0
2020-09-05,9507,211.0,7974.0,437744.0,3462.0,49,44.0,4.0
2020-09-06,9560,215.0,7974.0,440822.0,3078.0,53,0.0,4.0
2020-09-07,9614,220.0,7974.0,442464.0,1642.0,54,0.0,5.0
2020-09-08,9670,224.0,8124.0,444198.0,1734.0,56,150.0,4.0
2020-09-09,9724,228.0,8229.0,446592.0,2394.0,54,105.0,4.0
2020-09-10,9779,232.0,8298.0,449854.0,3262.0,55,69.0,4.0
2020-09-11,9830,235.0,8387.0,452445.0,2591.0,51,89.0,3.0
2020-09-12,9885,239.0,8469.0,456433.0,3988.0,55,82.0,4.0
2020-09-13,9930,242.0,8469.0,460774.0,4341.0,45,0.0,3.0
2020-09-14,9962,242.0,8475.0,463069.0,2295.0,32,6.0,0.0
2020-09-15,10006,248.0,8576.0,465821.0,2752.0,44,101.0,6.0
2020-09-16,10040,252.0,8638.0,468260.0,2439.0,34,62.0,4.0
2020-09-17,10088,255.0,8733.0,471024.0,2764.0,48,95.0,3.0
2020-09-18,10140,255.0,8801.0,474796.0,3772.0,52,68.0,0.0
2020-09-19,10190,261.0,8917.0,478247.0,3451.0,50,116.0,6.0
2020-09-20,10249,265.0,8918.0,482841.0,4594.0,59,1.0,4.0
2020-09-21,10307,268.0,8925.0,484750.0,1909.0,58,7.0,3.0
2020-09-22,10376,271.0,9036.0,486980.0,2230.0,69,111.0,3.0
2020-09-23,10449,271.0,9113.0,488763.0,1783.0,73,77.0,0.0
2020-09-24,10521,275.0,9216.0,492837.0,4074.0,72,103.0,4.0
2020-09-25,10597,275.0,9250.0,495618.0,2781.0,76,34.0,0.0
2020-09-26,10679,281.0,9348.0,498758.0,3140.0,82,98.0,6.0
2020-09-27,10765,284.0,9352.0,501678.0,2920.0,86,4.0,3.0
2020-09-28,10853,284.0,9360.0,504750.0,3072.0,88,8.0,0.0
2020-09-29,10938,289.0,9464.0,506641.0,1891.0,85,104.0,5.0
2020-09-30,11028,293.0,9587.0,509627.0,2986.0,90,123.0,4.0
2020-10-01,11117,297.0,9776.0,512697.0,3070.0,89,189.0,4.0
2020-10-02,11213,301.0,9943.0,517434.0,4737.0,96,167.0,4.0
2020-10-03,11311,305.0,10111.0,522034.0,4600.0,98,168.0,4.0
2020-10-04,11410,308.0,10115.0,525579.0,3545.0,99,4.0,3.0
2020-10-05,11509,312.0,10145.0,527119.0,1540.0,99,30.0,4.0
2020-10-06,11610,316.0,10213.0,530167.0,3048.0,101,68.0,4.0
2020-10-07,11719,320.0,10307.0,532543.0,2376.0,109,94.0,4.0
2020-10-08,11836,324.0,10381.0,537451.0,4908.0,117,74.0,4.0
2020-10-09,11968,328.0,10469.0,541527.0,4076.0,132,88.0,4.0
2020-10-10,12111,328.0,10583.0,545298.0,3771.0,143,114.0,0.0
2020-10-11,12258,335.0,10609.0,549620.0,4322.0,147,26.0,7.0
2020-10-12,12407,341.0,10637.0,552150.0,2530.0,149,28.0,6.0
2020-10-13,12559,346.0,10733.0,555037.0,2887.0,152,96.0,5.0
2020-10-14,12714,350.0,10804.0,559044.0,4007.0,155,71.0,4.0
2020-10-15,12872,354.0,10906.0,563392.0,4348.0,158,102.0,4.0
2020-10-16,13037,358.0,11021.0,568897.0,5505.0,165,115.0,4.0
2020-10-17,13205,362.0,11085.0,573581.0,4684.0,168,64.0,4.0
2020-10-18,13374,367.0,11089.0,577928.0,4347.0,169,4.0,5.0
2020-10-19,13545,367.0,11123.0,580951.0,3023.0,171,34.0,0.0
2020-10-20,13718,371.0,11236.0,583622.0,2671.0,173,113.0,4.0
2020-10-21,13891,376.0,11341.0,588268.0,4646.0,173,105.0,5.0
2020-10-22,14070,381.0,11437.0,593096.0,4828.0,179,96.0,5.0
2020-10-23,14251,386.0,11595.0,598838.0,5742.0,181,158.0,5.0
2020-10-24,14436,391.0,11750.0,604258.0,5420.0,185,155.0,5.0
2020-10-25,14625,391.0,11788.0,609128.0,4870.0,189,38.0,0.0
2020-10-26,14815,398.0,11827.0,611242.0,2114.0,190,39.0,7.0
2020-10-27,15006,402.0,11917.0,614880.0,3638.0,191,90.0,4.0
2020-10-28,15196,402.0,11962.0,618519.0,3639.0,190,45.0,0.0
2020-10-29,15388,406.0,12145.0,627914.0,9395.0,192,183.0,4.0
2020-10-30,15585,412.0,12357.0,637310.0,9396.0,197,212.0,6.0
2020-10-31,15783,412.0,12532.0,648783.0,11473.0,198,175.0,0.0
2020-11-01,15982,418.0,12752.0,653788.0,5005.0,199,220.0,6.0
2020-11-02,16183,423.0,13005.0,655490.0,1702.0,201,253.0,5.0
2020-11-03,16385,427.0,13265.0,664601.0,9111.0,202,260.0,4.0
2020-11-04,16590,427.0,13428.0,668873.0,4272.0,205,163.0,0.0
2020-11-05,16801,434.0,13454.0,674328.0,5455.0,211,26.0,7.0
2020-11-06,17016,434.0,13845.0,678651.0,4323.0,215,391.0,0.0
2020-11-07,17235,434.0,13976.0,679250.0,599.0,219,131.0,0.0
2020-11-08,17456,434.0,13996.0,685727.0,6477.0,221,20.0,0.0
2020-11-09,17676,434.0,14029.0,689086.0,3359.0,220,33.0,0.0
2020-11-10,17899,434.0,14139.0,693570.0,4484.0,223,110.0,0.0
2020-11-11,18124,434.0,14346.0,699579.0,6009.0,225,207.0,0.0
2020-11-12,18350,434.0,14549.0,702924.0,3345.0,226,203.0,0.0
2020-11-13,18574,434.0,14695.0,708609.0,5685.0,224,146.0,0.0
2020-11-14,18801,434.0,14828.0,716378.0,7769.0,227,133.0,0.0
2020-11-15,19024,442.0,14918.0,716650.0,272.0,223,90.0,8.0
2020-11-16,19250,450.0,15022.0,718937.0,2287.0,226,104.0,8.0
2020-11-17,19479,458.0,15233.0,723003.0,4066.0,229,211.0,8.0
2020-11-18,19711,471.0,15481.0,727868.0,4865.0,232,248.0,13.0
2020-11-19,19946,483.0,15778.0,732350.0,4482.0,235,297.0,12.0
2020-11-20,20179,494.0,16111.0,736605.0,4255.0,233,333.0,11.0
2020-11-21,20415,503.0,16375.0,741223.0,4618.0,236,264.0,9.0
2020-11-22,20649,516.0,16620.0,743543.0,2320.0,234,245.0,13.0
2020-11-23,20882,530.0,16839.0,745677.0,2134.0,233,219.0,14.0
2020-11-24,21117,538.0,17136.0,752108.0,6431.0,235,297.0,8.0
2020-11-25,21354,550.0,17441.0,754348.0,2240.0,237,305.0,12.0
2020-11-26,21592,564.0,17759.0,758502.0,4154.0,238,318.0,14.0
2020-11-27,21832,577.0,18084.0,762988.0,4486.0,240,325.0,13.0
2020-11-28,22074,589.0,18437.0,767754.0,4766.0,242,353.0,12.0
2020-11-29,22318,599.0,18771.0,772398.0,4644.0,244,334.0,10.0
2020-11-30,22563,611.0,19008.0,775473.0,3075.0,245,237.0,12.0
2020-12-01,22807,624.0,19328.0,779935.0,4462.0,244,320.0,13.0
2020-12-02,23053,637.0,20256.0,784622.0,4687.0,246,928.0,13.0
2020-12-03,23300,649.0,20695.0,789300.0,4678.0,247,439.0,12.0
2020-12-04,23545,666.0,21122.0,793710.0,4410.0,245,427.0,17.0
2020-12-05,23788,673.0,21540.0,798135.0,4425.0,243,418.0,7.0
2020-12-06,24032,680.0,21647.0,812385.0,14250.0,244,107.0,7.0
2020-12-07,24275,688.0,21737.0,820825.0,8440.0,243,90.0,8.0
2020-12-08,24516,696.0,22067.0,825627.0,4802.0,241,330.0,8.0
2020-12-09,24759,704.0,22354.0,829640.0,4013.0,243,287.0,8.0
2020-12-10,25001,713.0,22615.0,834184.0,4544.0,242,261.0,9.0
2020-12-11,25245,721.0,22910.0,839178.0,4994.0,244,295.0,8.0
2020-12-12,25488,728.0,23135.0,843924.0,4746.0,243,225.0,7.0
2020-12-13,25729,736.0,23220.0,848757.0,4833.0,241,85.0,8.0
2020-12-14,25971,743.0,23278.0,852672.0,3915.0,242,58.0,7.0
2020-12-15,26214,750.0,23588.0,857984.0,5312.0,243,310.0,7.0
2020-12-16,26454,758.0,23837.0,863410.0,5426.0,240,249.0,8.0
2020-12-17,26695,766.0,24063.0,868338.0,4928.0,241,226.0,8.0
2020-12-18,26935,774.0,24319.0,873301.0,4963.0,240,256.0,8.0
2020-12-19,27177,781.0,24570.0,878415.0,5114.0,242,251.0,7.0
2020-12-20,27416,788.0,24806.0,882635.0,4220.0,239,236.0,7.0
2020-12-21,27658,795.0,25042.0,886553.0,3918.0,242,236.0,7.0
2020-12-22,27898,803.0,25279.0,890949.0,4396.0,240,237.0,8.0
2020-12-23,28139,812.0,25517.0,896046.0,5097.0,241,238.0,9.0
2020-12-24,28379,820.0,25754.0,900955.0,4909.0,240,237.0,8.0
2020-12-25,28623,828.0,25993.0,906118.0,5163.0,244,239.0,8.0
2020-12-26,28866,834.0,26235.0,910769.0,4651.0,243,242.0,6.0
2020-12-27,29105,842.0,26460.0,914750.0,3981.0,239,225.0,8.0
2020-12-28,29352,849.0,26677.0,918644.0,3894.0,247,217.0,7.0
2020-12-29,29605,856.0,26926.0,922539.0,3895.0,253,249.0,7.0
2020-12-30,29857,863.0,27182.0,931680.0,9141.0,252,256.0,7.0
2020-12-31,30111,871.0,27440.0,935993.0,4313.0,254,258.0,8.0
2021-01-01,30368,878.0,27683.0,939059.0,3066.0,257,243.0,7.0
2021-01-02,30623,886.0,27869.0,939485.0,426.0,255,186.0,8.0
2021-01-03,30881,894.0,28058.0,942946.0,3461.0,258,189.0,8.0
2021-01-04,31137,901.0,28253.0,946097.0,3151.0,256,195.0,7.0
2021-01-05,31392,909.0,28451.0,950297.0,4200.0,255,198.0,8.0
2021-01-06,31646,916.0,28646.0,954012.0,3715.0,254,195.0,7.0
2021-01-07,31898,923.0,28848.0,958774.0,4762.0,252,202.0,7.0
2021-01-08,32148,930.0,29042.0,960877.0,2103.0,250,194.0,7.0
2021-01-09,32397,938.0,29244.0,965399.0,4522.0,249,202.0,8.0
2021-01-10,32644,947.0,29452.0,972733.0,7334.0,247,208.0,9.0
2021-01-11,32889,955.0,29656.0,977689.0,4956.0,245,204.0,8.0
2021-01-12,33130,963.0,29867.0,981919.0,4230.0,241,211.0,8.0
2021-01-13,33370,970.0,30118.0,986506.0,4587.0,240,251.0,7.0
2021-01-14,33615,978.0,30367.0,991020.0,4514.0,245,249.0,8.0
2021-01-15,33862,986.0,30611.0,995040.0,4020.0,247,244.0,8.0
2021-01-16,34110,993.0,30857.0,999237.0,4197.0,248,246.0,7.0
2021-01-17,34355,1000.0,31098.0,1002342.0,3105.0,245,241.0,7.0
2021-01-18,34598,1007.0,31317.0,1004787.0,2445.0,243,219.0,7.0
2021-01-19,34835,1015.0,31535.0,1008337.0,3550.0,237,218.0,8.0
2021-01-20,35070,1023.0,31749.0,1012466.0,4129.0,235,214.0,8.0
2021-01-21,35299,1032.0,31976.0,1016175.0,3709.0,229,227.0,9.0
2021-01-22,35527,1039.0,32201.0,1020254.0,4079.0,228,225.0,7.0
2021-01-23,35746,1046.0,32432.0,1023754.0,3500.0,219,231.0,7.0
2021-01-24,35964,1052.0,32660.0,1027255.0,3501.0,218,228.0,6.0
2021-01-25,36163,1059.0,32871.0,1030757.0,3502.0,199,211.0,7.0
2021-01-26,36321,1064.0,33081.0,1034260.0,3503.0,158,210.0,5.0
2021-01-27,36484,1069.0,33279.0,1037764.0,3504.0,163,198.0,5.0
2021-01-28,36650,1072.0,33474.0,1041269.0,3505.0,166,195.0,3.0
2021-01-29,36887,1075.0,33704.0,1044775.0,3506.0,237,230.0,3.0
2021-01-30,37070,1079.0,33895.0,1048282.0,3507.0,183,191.0,4.0
2021-01-31,37247,1084.0,34057.0,1051790.0,3508.0,177,162.0,5.0
2021-02-01,37421,1088.0,34215.0,1055299.0,3509.0,174,158.0,4.0
2021-02-02,37590,1092.0,34380.0,1058809.0,3510.0,169,165.0,4.0
2021-02-03,37753,1096.0,34551.0,1062320.0,3511.0,163,171.0,4.0
2021-02-04,37914,1101.0,34720.0,1065832.0,3512.0,161,169.0,5.0
2021-02-05,38076,1105.0,34891.0,1069345.0,3513.0,162,171.0,4.0
2021-02-06,38244,1111.0,35060.0,1072859.0,3514.0,168,169.0,6.0
2021-02-07,38409,1118.0,35222.0,1076374.0,3515.0,165,162.0,7.0
2021-02-08,38573,1123.0,35315.0,1079890.0,3516.0,164,93.0,5.0
2021-02-09,38735,1127.0,35421.0,1083407.0,3517.0,162,106.0,4.0
2021-02-10,38860,1131.0,35541.0,1086925.0,3518.0,125,120.0,4.0
2021-02-11,39006,1136.0,35680.0,1090444.0,3519.0,146,139.0,5.0
2021-02-12,39185,1142.0,35817.0,1093964.0,3520.0,179,137.0,6.0
2021-02-13,39343,1146.0,35951.0,1097485.0,3521.0,158,134.0,4.0
2021-02-14,39482,1151.0,36053.0,1101007.0,3522.0,139,102.0,5.0
2021-02-15,39613,1156.0,36152.0,1104530.0,3523.0,131,99.0,5.0
2021-02-16,39686,1160.0,36236.0,1108054.0,3524.0,73,84.0,4.0
2021-02-17,39799,1166.0,36365.0,1111579.0,3525.0,113,129.0,6.0
2021-02-18,39895,1169.0,36478.0,1115105.0,3526.0,96,113.0,3.0
2021-02-19,40003,1174.0,36589.0,1118632.0,3527.0,108,111.0,5.0
2021-02-20,40122,1180.0,36711.0,1122160.0,3528.0,119,122.0,6.0
2021-02-21,40218,1180.0,36813.0,1125689.0,3529.0,96,102.0,0.0
2021-02-22,40319,1180.0,36910.0,1129219.0,3530.0,101,97.0,0.0
2021-02-23,40411,1184.0,36994.0,1132750.0,3531.0,92,84.0,4.0
2021-02-24,40539,1190.0,37091.0,1136282.0,3532.0,128,97.0,6.0
2021-02-25,40640,1197.0,37196.0,1139815.0,3533.0,101,105.0,7.0
2021-02-26,40737,1203.0,37297.0,1143349.0,3534.0,97,101.0,6.0
2021-02-27,40831,1213.0,37402.0,1146884.0,3535.0,94,105.0,10.0
2021-02-28,40941,1218.0,37506.0,1150420.0,3536.0,110,104.0,5.0
2021-03-01,41044,1222.0,37605.0,1153957.0,3537.0,103,99.0,4.0
2021-03-02,41143,1223.0,37720.0,1157495.0,3538.0,99,115.0,1.0
2021-03-03,41244,1225.0,37839.0,1161034.0,3539.0,101,119.0,2.0
2021-03-04,41331,1227.0,37960.0,1164574.0,3540.0,87,121.0,2.0
2021-03-05,41422,1232.0,38083.0,1168115.0,3541.0,91,123.0,5.0
2021-03-06,41519,1236.0,38202.0,1171657.0,3542.0,97,119.0,4.0
2021-03-07,41613,1239.0,38317.0,1175200.0,3543.0,94,115.0,3.0
2021-03-08,41701,1243.0,38428.0,1178744.0,3544.0,88,111.0,4.0
2021-03-09,41785,1246.0,38546.0,1182289.0,3545.0,84,118.0,3.0
2021-03-10,41855,1251.0,38638.0,1185835.0,3546.0,70,92.0,5.0
2021-03-11,41935,1255.0,38732.0,1189382.0,3547.0,80,94.0,4.0
2021-03-12,42017,1258.0,38821.0,1192930.0,3548.0,82,89.0,3.0
2021-03-13,42106,1263.0,38912.0,1196479.0,3549.0,89,91.0,5.0
2021-03-14,42193,1267.0,38993.0,1200029.0,3550.0,87,81.0,4.0
2021-03-15,42278,1270.0,39065.0,1203580.0,3551.0,85,72.0,3.0
2021-03-16,42362,1274.0,39142.0,1207132.0,3552.0,84,77.0,4.0
2021-03-17,42467,1277.0,39223.0,1210685.0,3553.0,105,81.0,3.0
2021-03-18,42569,1280.0,39301.0,1214239.0,3554.0,102,78.0,3.0
2021-03-19,42673,1284.0,39385.0,1217794.0,3555.0,104,84.0,4.0
2021-03-20,42772,1284.0,39473.0,1221350.0,3556.0,99,88.0,0.0
2021-03-21,42868,1284.0,39558.0,1224907.0,3557.0,96,85.0,0.0
2021-03-22,42963,1284.0,39639.0,1228465.0,3558.0,95,81.0,0.0
2021-03-23,43060,1289.0,39731.0,1232024.0,3559.0,97,92.0,5.0
2021-03-24,43169,1293.0,39827.0,1235584.0,3560.0,109,96.0,4.0
2021-03-25,43262,1293.0,39933.0,1239145.0,3561.0,93,106.0,0.0
2021-03-26,43318,1299.0,40044.0,1242707.0,3562.0,56,111.0,6.0
2021-03-27,43395,1304.0,40148.0,1246270.0,3563.0,77,104.0,5.0
2021-03-28,43482,1307.0,40249.0,1249834.0,3564.0,87,101.0,3.0
2021-03-29,43584,1309.0,40333.0,1253399.0,3565.0,102,84.0,2.0
2021-03-30,43683,1313.0,40427.0,1256965.0,3566.0,99,94.0,4.0
2021-03-31,43776,1316.0,40523.0,1260532.0,3567.0,93,96.0,3.0
2021-04-01,43863,1316.0,40624.0,1264100.0,3568.0,87,101.0,0.0
2021-04-02,43948,1319.0,40728.0,1267669.0,3569.0,85,104.0,3.0
2021-04-03,44023,1319.0,40830.0,1271239.0,3570.0,75,102.0,0.0
2021-04-04,44101,1324.0,40916.0,1274810.0,3571.0,78,86.0,5.0
2021-04-05,44166,1329.0,40993.0,1278382.0,3572.0,65,77.0,5.0
2021-04-06,44212,1335.0,41074.0,1281955.0,3573.0,46,81.0,6.0
2021-04-07,44270,1337.0,41158.0,1285529.0,3574.0,58,84.0,2.0
2021-04-08,44332,1338.0,41243.0,1289104.0,3575.0,62,85.0,1.0
2021-04-09,44403,1341.0,41330.0,1292680.0,3576.0,71,87.0,3.0
2021-04-10,44472,1343.0,41421.0,1296257.0,3577.0,69,91.0,2.0
2021-04-11,44536,1344.0,41515.0,1299835.0,3578.0,64,94.0,1.0
2021-04-12,44593,1345.0,41604.0,1303414.0,3579.0,57,89.0,1.0
2021-04-13,44646,1345.0,41696.0,1306994.0,3580.0,53,92.0,0.0
2021-04-14,44712,1348.0,41791.0,1310575.0,3581.0,66,95.0,3.0
2021-04-15,44781,1350.0,41888.0,1314157.0,3582.0,69,97.0,2.0
2021-04-16,44848,1353.0,41988.0,1317740.0,3583.0,67,100.0,3.0
2021-04-17,44917,1355.0,42091.0,1321324.0,3584.0,69,103.0,2.0
2021-04-18,44984,1357.0,42197.0,1324909.0,3585.0,67,106.0,2.0
2021-04-19,45049,1357.0,42299.0,1328495.0,3586.0,65,102.0,0.0
2021-04-20,45112,1362.0,42398.0,1332082.0,3587.0,63,99.0,5.0
2021-04-21,45180,1368.0,42494.0,1335670.0,3588.0,68,96.0,6.0
2021-04-22,45246,1370.0,42588.0,1339259.0,3589.0,66,94.0,2.0
2021-04-23,45315,1371.0,42678.0,1342849.0,3590.0,69,90.0,1.0
2021-04-24,45380,1372.0,42764.0,1346440.0,3591.0,65,86.0,1.0
2021-04-25,45443,1374.0,42858.0,1350032.0,3592.0,63,94.0,2.0
2021-04-26,45505,1376.0,42949.0,1353625.0,3593.0,62,91.0,2.0
2021-04-27,45566,1379.0,43036.0,1357219.0,3594.0,61,87.0,3.0
2021-04-28,45620,1382.0,43121.0,1360814.0,3595.0,54,85.0,3.0
2021-04-29,45682,1384.0,43200.0,1364410.0,3596.0,62,79.0,2.0
2021-04-30,45737,1386.0,43275.0,1368007.0,3597.0,55,75.0,2.0
2021-05-01,45783,1386.0,43344.0,1371605.0,3598.0,46,69.0,0.0
2021-05-02,45831,1387.0,43405.0,1375204.0,3599.0,48,61.0,1.0
2021-05-03,45882,1388.0,43458.0,1378804.0,3600.0,51,53.0,1.0
2021-05-04,45935,1389.0,43514.0,1382405.0,3601.0,53,56.0,1.0
2021-05-05,45984,1391.0,43558.0,1386007.0,3602.0,49,44.0,2.0
2021-05-06,46034,1393.0,43606.0,1389610.0,3603.0,50,48.0,2.0
2021-05-07,46082,1394.0,43661.0,1393214.0,3604.0,48,55.0,1.0
2021-05-08,46133,1396.0,43720.0,1396819.0,3605.0,51,59.0,2.0
2021-05-09,46187,1397.0,43778.0,1400425.0,3606.0,54,58.0,1.0
2021-05-10,46239,1397.0,43827.0,1404032.0,3607.0,52,49.0,0.0
2021-05-11,46289,1399.0,43881.0,1407640.0,3608.0,50,54.0,2.0
2021-05-12,46351,1401.0,43937.0,1411249.0,3609.0,62,56.0,2.0
2021-05-13,46414,1404.0,43996.0,1414859.0,3610.0,63,59.0,3.0
2021-05-14,46473,1406.0,44058.0,1418470.0,3611.0,59,62.0,2.0
2021-05-15,46534,1406.0,44123.0,1422082.0,3612.0,61,65.0,0.0
2021-05-16,46593,1413.0,44190.0,1425695.0,3613.0,59,67.0,7.0
2021-05-17,46650,1415.0,44252.0,1429309.0,3614.0,57,62.0,2.0
2021-05-18,46705,1416.0,44317.0,1432924.0,3615.0,55,65.0,1.0
2021-05-19,46769,1418.0,44384.0,1436540.0,3616.0,64,67.0,2.0
2021-05-20,46830,1418.0,44454.0,1440157.0,3617.0,61,70.0,0.0
2021-05-21,46893,1422.0,44526.0,1443775.0,3618.0,63,72.0,4.0
2021-05-22,46952,1424.0,44600.0,1447394.0,3619.0,59,74.0,2.0
2021-05-23,47009,1425.0,44676.0,1451014.0,3620.0,57,76.0,1.0
2021-05-24,47067,1426.0,44748.0,1454635.0,3621.0,58,72.0,1.0
2021-05-25,47123,1427.0,44816.0,1458257.0,3622.0,56,68.0,1.0
2021-05-26,47188,1429.0,44876.0,1461880.0,3623.0,65,60.0,2.0
2021-05-27,47254,1430.0,44937.0,1465504.0,3624.0,66,61.0,1.0
2021-05-28,47318,1432.0,44998.0,1469129.0,3625.0,64,61.0,2.0
2021-05-29,47378,1434.0,45056.0,1472755.0,3626.0,60,58.0,2.0
2021-05-30,47437,1435.0,45107.0,1476382.0,3627.0,59,51.0,1.0
2021-05-31,47496,1435.0,45169.0,1480010.0,3628.0,59,62.0,0.0
2021-06-01,47557,1436.0,45229.0,1483639.0,3629.0,61,60.0,1.0
2021-06-02,47629,1438.0,45284.0,1487269.0,3630.0,72,55.0,2.0
2021-06-03,47698,1439.0,45346.0,1490900.0,3631.0,69,62.0,1.0
2021-06-04,47765,1440.0,45406.0,1494532.0,3632.0,67,60.0,1.0
2021-06-05,47831,1442.0,45464.0,1498165.0,3633.0,66,58.0,2.0
2021-06-06,47895,1443.0,45524.0,1501799.0,3634.0,64,60.0,1.0
2021-06-07,47960,1444.0,45582.0,1505434.0,3635.0,65,58.0,1.0
2021-06-08,48027,1446.0,45647.0,1509070.0,3636.0,67,65.0,2.0
2021-06-09,48103,1448.0,45720.0,1512707.0,3637.0,76,73.0,2.0
2021-06-10,48178,1449.0,45791.0,1516345.0,3638.0,75,71.0,1.0
2021-06-11,48251,1450.0,45860.0,1519984.0,3639.0,73,69.0,1.0
2021-06-12,48324,1452.0,45929.0,1523624.0,3640.0,73,69.0,2.0
2021-06-13,48399,1453.0,45999.0,1527265.0,3641.0,75,70.0,1.0
2021-06-14,48475,1456.0,46070.0,1530907.0,3642.0,76,71.0,3.0
2021-06-15,48554,1458.0,46144.0,1534550.0,3643.0,79,74.0,2.0
2021-06-16,48639,1459.0,46221.0,1538194.0,3644.0,85,77.0,1.0
2021-06-17,48732,1460.0,46298.0,1541839.0,3645.0,93,77.0,1.0
2021-06-18,48829,1460.0,46378.0,1545485.0,3646.0,97,80.0,0.0
2021-06-19,48932,1462.0,46461.0,1549132.0,3647.0,103,83.0,2.0
2021-06-20,49044,1470.0,46548.0,1552780.0,3648.0,112,87.0,8.0
2021-06-21,49163,1472.0,46657.0,1556429.0,3649.0,119,109.0,2.0
2021-06-22,49291,1473.0,46763.0,1560079.0,3650.0,128,106.0,1.0
2021-06-23,49430,1476.0,46895.0,1563730.0,3651.0,139,132.0,3.0
2021-06-24,49581,1482.0,47042.0,1567382.0,3652.0,151,147.0,6.0
2021-06-25,49745,1485.0,47199.0,1571035.0,3653.0,164,157.0,3.0
2021-06-26,49924,1489.0,47358.0,1574689.0,3654.0,179,159.0,4.0
2021-06-27,50119,1494.0,47544.0,1578344.0,3655.0,195,186.0,5.0
2021-06-28,50329,1498.0,47746.0,1582000.0,3656.0,210,202.0,4.0
2021-06-29,50550,1499.0,47955.0,1585657.0,3657.0,221,209.0,1.0
2021-06-30,50786,1502.0,48176.0,1589315.0,3658.0,236,221.0,3.0
2021-07-01,51039,1504.0,48395.0,1592974.0,3659.0,253,219.0,2.0
2021-07-02,51307,1507.0,48644.0,1596634.0,3660.0,268,249.0,3.0
2021-07-03,51588,1511.0,48841.0,1600295.0,3661.0,281,197.0,4.0
2021-07-04,51876,1514.0,49043.0,1603957.0,3662.0,288,202.0,3.0
2021-07-05,52173,1520.0,49243.0,1607620.0,3663.0,297,200.0,6.0
2021-07-06,52479,1525.0,49447.0,1611284.0,3664.0,306,204.0,5.0
2021-07-07,52786,1525.0,49651.0,1614949.0,3665.0,307,204.0,0.0
2021-07-08,53097,1534.0,49859.0,1618615.0,3666.0,311,208.0,9.0
2021-07-09,53420,1534.0,50063.0,1622282.0,3667.0,323,204.0,0.0
2021-07-10,53747,1543.0,50266.0,1625950.0,3668.0,327,203.0,9.0
2021-07-11,54077,1546.0,50466.0,1629619.0,3669.0,330,200.0,3.0
2021-07-12,54410,1550.0,50671.0,1633289.0,3670.0,333,205.0,4.0
2021-07-13,54742,1555.0,50879.0,1636960.0,3671.0,332,208.0,5.0
2021-07-14,55076,1561.0,51082.0,1640632.0,3672.0,334,203.0,6.0
2021-07-15,55412,1564.0,51288.0,1644305.0,3673.0,336,206.0,3.0
2021-07-16,55751,1572.0,51497.0,1647979.0,3674.0,339,209.0,8.0
2021-07-17,56095,1578.0,51700.0,1651654.0,3675.0,344,203.0,6.0
2021-07-18,56443,1585.0,51902.0,1655330.0,3676.0,348,202.0,7.0
2021-07-19,56795,1593.0,52109.0,1659007.0,3677.0,352,207.0,8.0
2021-07-20,57150,1596.0,52322.0,1662685.0,3678.0,355,213.0,3.0
2021-07-21,57511,1599.0,52538.0,1666364.0,3679.0,361,216.0,3.0
2021-07-22,57876,1603.0,52753.0,1670044.0,3680.0,365,215.0,4.0
2021-07-23,58242,1607.0,52996.0,1673725.0,3681.0,366,243.0,4.0
2021-07-24,58610,1613.0,53242.0,1677407.0,3682.0,368,246.0,6.0
2021-07-25,58980,1623.0,53481.0,1681090.0,3683.0,370,239.0,10.0
2021-07-26,59351,1635.0,53736.0,1684774.0,3684.0,371,255.0,12.0
2021-07-27,59724,1640.0,53997.0,1688459.0,3685.0,373,261.0,5.0
2021-07-28,60099,1643.0,54263.0,1692145.0,3686.0,375,266.0,3.0
2021-07-29,60476,1649.0,54502.0,1695832.0,3687.0,377,239.0,6.0
2021-07-30,60855,1652.0,54581.0,1699520.0,3688.0,379,79.0,3.0
2021-07-31,61237,1655.0,54662.0,1703209.0,3689.0,382,81.0,3.0
2021-08-01,61623,1663.0,54760.0,1706899.0,3690.0,386,98.0,8.0
2021-08-02,62010,1673.0,54894.0,1710590.0,3691.0,387,134.0,10.0
2021-08-03,62395,1679.0,55035.0,1714282.0,3692.0,385,141.0,6.0
2021-08-04,62781,1684.0,55194.0,1717975.0,3693.0,386,159.0,5.0
2021-08-05,63169,1688.0,55337.0,1721669.0,3694.0,388,143.0,4.0
2021-08-06,63554,1694.0,55488.0,1725364.0,3695.0,385,151.0,6.0
2021-08-07,63943,1701.0,55630.0,1729060.0,3696.0,389,142.0,7.0
2021-08-08,64334,1710.0,55767.0,1732757.0,3697.0,391,137.0,9.0
2021-08-09,64722,1722.0,55949.0,1736455.0,3698.0,388,182.0,12.0
2021-08-10,65109,1726.0,56140.0,1740154.0,3699.0,387,191.0,4.0
2021-08-11,65498,1732.0,56326.0,1743854.0,3700.0,389,186.0,6.0
2021-08-12,65885,1737.0,56516.0,1747555.0,3701.0,387,190.0,5.0
2021-08-13,66275,1748.0,56710.0,1751257.0,3702.0,390,194.0,11.0
2021-08-14,66668,1757.0,56900.0,1754960.0,3703.0,393,190.0,9.0
2021-08-15,67057,1769.0,57098.0,1758664.0,3704.0,389,198.0,12.0
2021-08-16,67444,1779.0,57293.0,1762369.0,3705.0,387,195.0,10.0
2021-08-17,67829,1790.0,57490.0,1766075.0,3706.0,385,197.0,11.0
2021-08-18,68216,1800.0,57691.0,1769782.0,3707.0,387,201.0,10.0
2021-08-19,68607,1808.0,57895.0,1773490.0,3708.0,391,204.0,8.0
2021-08-20,69001,1817.0,58102.0,1777199.0,3709.0,394,207.0,9.0
2021-08-21,69391,1826.0,58315.0,,,390,213.0,9.0
2021-08-22,69780,1832.0,58514.0,,,389,199.0,6.0
2021-08-23,70167,1843.0,58745.0,,,387,231.0,11.0
2021-08-24,70558,1853.0,58989.0,,,391,244.0,10.0
2021-08-25,70947,1862.0,59226.0,,,389,237.0,9.0
2021-08-26,71332,1867.0,59454.0,,,385,228.0,5.0
2021-08-27,71715,1875.0,59703.0,,,383,249.0,8.0
2021-08-28,72104,1881.0,59924.0,,,389,221.0,6.0
2021-08-29,72495,1891.0,60103.0,,,391,179.0,10.0
2021-08-30,72885,1906.0,60269.0,,,390,166.0,15.0
2021-08-31,73274,1912.0,60427.0,,,389,158.0,6.0
2021-09-01,73661,1923.0,60601.0,,,387,174.0,11.0
2021-09-02,74046,1931.0,60787.0,,,385,186.0,8.0
2021-09-03,74430,1937.0,60984.0,,,384,197.0,6.0
2021-09-04,74813,1949.0,61186.0,,,383,202.0,12.0
2021-09-05,75194,1961.0,61373.0,,,381,187.0,12.0
2021-09-06,75574,1975.0,61566.0,,,380,193.0,14.0
2021-09-07,75952,1982.0,61767.0,,,378,201.0,7.0
2021-09-08,76328,1990.0,61998.0,,,376,231.0,8.0
2021-09-09,76701,1998.0,62242.0,,,373,244.0,8.0
2021-09-10,77073,2006.0,62518.0,,,372,276.0,8.0
2021-09-11,77446,2017.0,62834.0,,,373,316.0,11.0
2021-09-12,77818,2032.0,63103.0,,,372,269.0,15.0
2021-09-13,78189,2044.0,63344.0,,,371,241.0,12.0
2021-09-14,78558,2054.0,63605.0,,,369,261.0,10.0
2021-09-15,78928,2063.0,63878.0,,,370,273.0,9.0
2021-09-16,79299,2074.0,64157.0,,,371,279.0,11.0
2021-09-17,79669,2082.0,64461.0,,,370,304.0,8.0
2021-09-18,80042,2089.0,64760.0,,,373,299.0,7.0
2021-09-19,80414,2102.0,65035.0,,,372,275.0,13.0
2021-09-20,80790,2117.0,65296.0,,,376,261.0,15.0
2021-09-21,81165,2124.0,65594.0,,,375,298.0,7.0
2021-09-22,81541,2128.0,65926.0,,,376,332.0,4.0
2021-09-23,81913,2132.0,66267.0,,,372,341.0,4.0
2021-09-24,82281,2135.0,66626.0,,,368,359.0,3.0
2021-09-25,82648,2135.0,66976.0,,,367,350.0,0.0
2021-09-26,83013,2150.0,67321.0,,,365,345.0,15.0
2021-09-27,83377,2155.0,67659.0,,,364,338.0,5.0
2021-09-28,83739,2158.0,68000.0,,,362,341.0,3.0
2021-09-29,84102,2162.0,68344.0,,,363,344.0,4.0
2021-09-30,84464,2165.0,68690.0,,,362,346.0,3.0
2021-10-01,84829,2174.0,68832.0,,,365,142.0,9.0
2021-10-02,85196,2184.0,68957.0,,,367,125.0,10.0
2021-10-03,85561,2199.0,69025.0,,,365,68.0,15.0
2021-10-04,85927,2213.0,69087.0,,,366,62.0,14.0
2021-10-05,86295,2228.0,69222.0,,,368,135.0,15.0
2021-10-06,86666,2235.0,69337.0,,,371,115.0,7.0
2021-10-07,87041,2238.0,69463.0,,,375,126.0,3.0
2021-10-08,87420,2254.0,69581.0,,,379,118.0,16.0
2021-10-09,87804,2268.0,69743.0,,,384,162.0,14.0
2021-10-10,88189,2280.0,69962.0,,,385,219.0,12.0
2021-10-11,88571,2286.0,70217.0,,,382,255.0,6.0
2021-10-12,88955,2300.0,70335.0,,,384,118.0,14.0
2021-10-13,89342,2304.0,70454.0,,,387,119.0,4.0
2021-10-14,89731,2310.0,70802.0,,,389,348.0,6.0
2021-10-15,90123,2314.0,71191.0,,,392,389.0,4.0
2021-10-16,90518,2324.0,71582.0,,,395,391.0,10.0
2021-10-17,90915,2334.0,71962.0,,,397,380.0,10.0
2021-10-18,91311,2344.0,72113.0,,,396,151.0,10.0
2021-10-19,91709,2353.0,72497.0,,,398,384.0,9.0
2021-10-20,92111,2361.0,72648.0,,,402,151.0,8.0
2021-10-21,92515,2371.0,73035.0,,,404,387.0,10.0
2021-10-22,92926,2381.0,73384.0,,,411,349.0,10.0
2021-10-23,93346,2388.0,73732.0,,,420,348.0,7.0
2021-10-24,93773,2396.0,74018.0,,,427,286.0,8.0
2021-10-25,94208,2404.0,74170.0,,,435,152.0,8.0
2021-10-26,94652,2414.0,74454.0,,,444,284.0,10.0
2021-10-27,95111,2423.0,74739.0,,,459,285.0,9.0
2021-10-28,95588,2433.0,75092.0,,,477,353.0,10.0
2021-10-29,96079,2442.0,75482.0,,,491,390.0,9.0
2021-10-30,96600,2454.0,75874.0,,,521,392.0,12.0
2021-10-31,97129,2464.0,76272.0,,,529,398.0,10.0
2021-11-01,97663,2473.0,76419.0,,,534,147.0,9.0
2021-11-02,98199,2485.0,76812.0,,,536,393.0,12.0
2021-11-03,98751,2496.0,77116.0,,,552,304.0,11.0
2021-11-04,99318,2505.0,77512.0,,,567,396.0,9.0
2021-11-05,99892,2515.0,77817.0,,,574,305.0,10.0
2021-11-06,100470,2526.0,78120.0,,,578,303.0,11.0
2021-11-07,101051,2538.0,78530.0,,,581,410.0,12.0
2021-11-08,101635,2550.0,78730.0,,,584,200.0,12.0
2021-11-09,102218,2562.0,79187.0,,,583,457.0,12.0
2021-11-10,102802,2573.0,79640.0,,,584,453.0,11.0
2021-11-11,103388,2583.0,80102.0,,,586,462.0,10.0
2021-11-12,103977,2594.0,80589.0,,,589,487.0,11.0
2021-11-13,104564,2604.0,81076.0,,,587,487.0,10.0
2021-11-14,105152,2616.0,81562.0,,,588,486.0,12.0
2021-11-15,105738,2627.0,81695.0,,,586,133.0,11.0
2021-11-16,106327,2638.0,82196.0,,,589,501.0,11.0
2021-11-17,106919,2649.0,82707.0,,,592,511.0,11.0
2021-11-18,107513,2661.0,83212.0,,,594,505.0,12.0
2021-11-19,108106,2673.0,83813.0,,,593,601.0,12.0
2021-11-20,108701,2687.0,84415.0,,,595,602.0,14.0
2021-11-21,109293,2701.0,84919.0,,,592,504.0,14.0
2021-11-22,109883,2716.0,85100.0,,,590,181.0,15.0
2021-11-23,110472,2730.0,85790.0,,,589,690.0,14.0
2021-11-24,111059,2745.0,86460.0,,,587,670.0,15.0
2021-11-25,111643,2758.0,87140.0,,,584,680.0,13.0
2021-11-26,112229,2772.0,87829.0,,,586,689.0,14.0
2021-11-27,112818,2787.0,88525.0,,,589,696.0,15.0
2021-11-28,113405,2800.0,89218.0,,,587,693.0,13.0
2021-11-29,113989,2812.0,89346.0,,,584,128.0,12.0
2021-11-30,114568,2824.0,90098.0,,,579,752.0,12.0
2021-12-01,115149,2837.0,90877.0,,,581,779.0,13.0
2021-12-02,115727,2851.0,91681.0,,,578,804.0,14.0
2021-12-03,116307,2863.0,92490.0,,,580,809.0,12.0
2021-12-04,116884,2875.0,93316.0,,,577,826.0,12.0
2021-12-05,117465,2887.0,94130.0,,,581,814.0,12.0
2021-12-06,118041,2900.0,94262.0,,,576,132.0,13.0
2021-12-07,118613,2911.0,95087.0,,,572,825.0,11.0
2021-12-08,119187,2924.0,95911.0,,,574,824.0,13.0
2021-12-09,119760,2935.0,96752.0,,,573,841.0,11.0
2021-12-10,120331,2945.0,97596.0,,,571,844.0,10.0
2021-12-11,120901,2958.0,98442.0,,,570,846.0,13.0
2021-12-12,121470,2970.0,99267.0,,,569,825.0,12.0
2021-12-13,122037,2981.0,99428.0,,,567,161.0,11.0
2021-12-14,122602,2992.0,100274.0,,,565,846.0,11.0
2021-12-15,123164,3005.0,101117.0,,,562,843.0,13.0
2021-12-16,123721,3015.0,102070.0,,,557,953.0,10.0
2021-12-17,124270,3026.0,103027.0,,,549,957.0,11.0
2021-12-18,124808,3036.0,104011.0,,,538,984.0,10.0
2021-12-19,125329,3046.0,104962.0,,,521,951.0,10.0
2021-12-20,125834,3056.0,105186.0,,,505,224.0,10.0
2021-12-21,126325,3066.0,106173.0,,,491,987.0,10.0
2021-12-22,126814,3077.0,107160.0,,,489,987.0,11.0
2021-12-23,127270,3086.0,108151.0,,,456,991.0,9.0
2021-12-24,127690,3095.0,109145.0,,,420,994.0,9.0
2021-12-25,128098,3107.0,110140.0,,,408,995.0,12.0
2021-12-26,128494,3117.0,111256.0,,,396,1116.0,10.0
2021-12-27,128874,3129.0,111669.0,,,380,413.0,12.0
2021-12-28,129249,3139.0,113665.0,,,375,1996.0,10.0
2021-12-29,129608,3149.0,115660.0,,,359,1995.0,10.0
2021-12-30,129933,3158.0,117658.0,,,325,1998.0,9.0
2021-12-31,130256,3172.0,119654.0,,,323,1996.0,14.0
2022-01-01,130575,3183.0,121150.0,,,319,1496.0,11.0
2022-01-02,130883,3195.0,121346.0,,,308,196.0,12.0
2022-01-03,131182,3205.0,121469.0,,,299,123.0,10.0
2022-01-04,131467,3218.0,122463.0,,,285,994.0,13.0
2022-01-05,131726,3228.0,122571.0,,,259,108.0,10.0
2022-01-06,131945,3240.0,122680.0,,,219,109.0,12.0
2022-01-07,132154,3249.0,123671.0,,,209,991.0,9.0
2022-01-08,132360,3259.0,123733.0,,,206,62.0,10.0
2022-01-09,132564,3268.0,123791.0,,,204,58.0,9.0
2022-01-10,132767,3277.0,123847.0,,,203,56.0,9.0
2022-01-11,132965,3287.0,124346.0,,,198,499.0,10.0
2022-01-12,133160,3300.0,124844.0,,,195,498.0,13.0
2022-01-13,133375,3310.0,125343.0,,,215,499.0,10.0
2022-01-14,133596,3321.0,125731.0,,,221,388.0,11.0
2022-01-15,133838,3334.0,126108.0,,,242,377.0,13.0
2022-01-16,134103,3345.0,126312.0,,,265,204.0,11.0
2022-01-17,134384,3355.0,126409.0,,,281,97.0,10.0
2022-01-18,134677,3364.0,126705.0,,,293,296.0,9.0
2022-01-19,134992,3376.0,127013.0,,,315,308.0,12.0
2022-01-20,135368,3390.0,127327.0,,,376,314.0,14.0
2022-01-21,135806,3403.0,127639.0,,,438,312.0,13.0
2022-01-22,136343,3415.0,128074.0,,,537,435.0,12.0
2022-01-23,136941,3427.0,128389.0,,,598,315.0,12.0
2022-01-24,137536,3436.0,128485.0,,,595,96.0,9.0
2022-01-25,138152,3449.0,128732.0,,,616,247.0,13.0
2022-01-26,138777,3464.0,128986.0,,,625,254.0,15.0
2022-01-27,139428,3478.0,129236.0,,,651,250.0,14.0
2022-01-28,140132,3493.0,129490.0,,,704,254.0,15.0
2022-01-29,140866,3508.0,129688.0,,,734,198.0,15.0
2022-01-30,141678,3522.0,129885.0,,,812,197.0,14.0
2022-01-31,142685,3535.0,130137.0,,,1007,252.0,13.0
2022-02-01,144000,3550.0,130590.0,,,1315,453.0,15.0
2022-02-02,145663,3562.0,131051.0,,,1663,461.0,12.0
2022-02-03,147464,3577.0,131510.0,,,1801,459.0,15.0
2022-02-04,149376,3591.0,131964.0,,,1912,454.0,14.0
2022-02-05,151425,3605.0,132425.0,,,2049,461.0,14.0
2022-02-06,153612,3620.0,132927.0,,,2187,502.0,15.0
2022-02-07,155885,3634.0,133242.0,,,2273,315.0,14.0
2022-02-08,158219,3649.0,134444.0,,,2334,1202.0,15.0
2022-02-09,160664,3664.0,135952.0,,,2445,1508.0,15.0
2022-02-10,163246,3678.0,137705.0,,,2582,1753.0,14.0
2022-02-11,165875,3689.0,139457.0,,,2629,1752.0,11.0
2022-02-12,168543,3699.0,141461.0,,,2668,2004.0,10.0
2022-02-13,171056,3709.0,142963.0,,,2513,1502.0,10.0
2022-02-14,173638,3719.0,143468.0,,,2582,505.0,10.0
2022-02-15,175594,3728.0,145567.0,,,1956,2099.0,9.0
2022-02-16,177330,3739.0,147819.0,,,1736,2252.0,11.0
2022-02-17,179255,3750.0,150336.0,,,1925,2517.0,11.0
2022-02-18,181249,3760.0,152990.0,,,1994,2654.0,10.0
2022-02-19,182954,3771.0,155738.0,,,1705,2748.0,11.0
2022-02-20,184624,3782.0,158590.0,,,1670,2852.0,11.0
2022-02-21,185572,3791.0,159595.0,,,948,1005.0,9.0
